"","title","geo_accession","status","submission_date","last_update_date","type","channel_count","source_name_ch1","organism_ch1","characteristics_ch1","characteristics_ch1.1","characteristics_ch1.2","treatment_protocol_ch1","molecule_ch1","extract_protocol_ch1","extract_protocol_ch1.1","extract_protocol_ch1.2","taxid_ch1","data_processing","data_processing.1","data_processing.2","data_processing.3","data_processing.4","platform_id","contact_name","contact_email","contact_laboratory","contact_department","contact_institute","contact_address","contact_city","contact_state","contact_zip/postal_code","contact_country","data_row_count","instrument_model","library_selection","library_source","library_strategy","relation","relation.1","supplementary_file_1","supplementary_file_2","supplementary_file_3","10x chemistry:ch1","patient id:ch1","status:ch1","tissue:ch1"
"GSM3972009","Ileal Involved 69","GSM3972009","Public on Aug 29 2019","Jul 24 2019","Aug 30 2019","SRA","1","Surgical resection","Homo sapiens","tissue: ileal","status: Involved","10x chemistry: V1","Lamina prorpia single cell suspensions were prepared from surgically resected inflamed or uninflamed ileum from Crohn's disease patients. Fifteen to twenty mucosal biopsies sampled all along the resected specimens using a biopsy forceps (EndoChoice, Alpharetta, GA). Epithelial cells were dissociated by incubating the biopsies in an EDTA-enriched dissociation medium (HBSS w/o Ca2+ Mg2+ (Life Technologies, Carlsbad, CA) - HEPES 10mM (Life Technologies) - EDTA 5mM (Life Technologies)) at +37oC under 100 rpm agitation for two cycles of 15 minutes. After each cycle, biopsies were hand-shaken for 30s and then vortexed vigorously for another 30s. Biopsies were then washed in complete RPMI media previously put at RT, and transferred in digestion medium (HBSS with Ca2+ Mg2+ - FCS 2% - DNase I 0.5mg/ml (Sigma-Aldrich, St. Louis, MO) – Collagenase IV 0.5mg/ml (Sigma-Aldrich)) for 40 minutes at +37oC under 100 rpm agitation. After digestion, the cell suspension was filtered through a 70mm cell strainer, washed in DBPS/ 2% FCS/ 1mM EDTA and spun down at 400g for 10 minutes. After red blood cell lysis (BioLegend, San Diego, CA), cells were washed as before. Dead cells were depleted from the suspension using the dead cell depletion kit (Miltenyi Biotec, Bergisch Gladbach, Germany), following manufacturer’s recommendations. Viability of the final cell suspension was calculated using a hemocytometer and Trypan blue (Corning) exclusion and was routinely > 85%.","total RNA","10X genomics V1 or V2 protocol following manufacturer recommendations","10x Genomics Library Kits","","9606","FASTQ were demultiplexed using Cell Ranger v2.0 and aligned to the Grch38 human","Cell barcodes and unique molecular identifiers (UMIs) were extracted and “Raw” UMI matrix generated for each sample","extracted cell-barcodes associated with at least 800 UMIs from the “Raw” output UMI matrices of CellRanger","Epithelial cells, Red blood cells and cell-barcodess associated with high mitochondrial mRNA content were excluded by """"in-silico"""" gating precedure which computes that fractoin of UMIs assocated with each gene signature. Thresholds and genes lists are detailed in the manuscripts.","Genome_build: Grch38","GPL18573","Mamta,,Giri","mamta.giri@mssm.edu","Cho lab","Institute of Personalized medicine","Mount Sinai hospital","1470 madison ave","new york","new york","10029","USA","0","Illumina NextSeq 500","cDNA","transcriptomic","RNA-Seq","BioSample: https://www.ncbi.nlm.nih.gov/biosample/SAMN12356585","SRA: https://www.ncbi.nlm.nih.gov/sra?term=SRX6584252","ftp://ftp.ncbi.nlm.nih.gov/geo/samples/GSM3972nnn/GSM3972009/suppl/GSM3972009_69_barcodes.tsv.gz","ftp://ftp.ncbi.nlm.nih.gov/geo/samples/GSM3972nnn/GSM3972009/suppl/GSM3972009_69_genes.tsv.gz","ftp://ftp.ncbi.nlm.nih.gov/geo/samples/GSM3972nnn/GSM3972009/suppl/GSM3972009_69_matrix.mtx.gz","V1",NA,"Involved","ileal"
"GSM3972010","Ileal Uninvolved 68","GSM3972010","Public on Aug 29 2019","Jul 24 2019","Aug 30 2019","SRA","1","Surgical resection","Homo sapiens","tissue: ileal","status: Uninvolved","10x chemistry: V1","Lamina prorpia single cell suspensions were prepared from surgically resected inflamed or uninflamed ileum from Crohn's disease patients. Fifteen to twenty mucosal biopsies sampled all along the resected specimens using a biopsy forceps (EndoChoice, Alpharetta, GA). Epithelial cells were dissociated by incubating the biopsies in an EDTA-enriched dissociation medium (HBSS w/o Ca2+ Mg2+ (Life Technologies, Carlsbad, CA) - HEPES 10mM (Life Technologies) - EDTA 5mM (Life Technologies)) at +37oC under 100 rpm agitation for two cycles of 15 minutes. After each cycle, biopsies were hand-shaken for 30s and then vortexed vigorously for another 30s. Biopsies were then washed in complete RPMI media previously put at RT, and transferred in digestion medium (HBSS with Ca2+ Mg2+ - FCS 2% - DNase I 0.5mg/ml (Sigma-Aldrich, St. Louis, MO) – Collagenase IV 0.5mg/ml (Sigma-Aldrich)) for 40 minutes at +37oC under 100 rpm agitation. After digestion, the cell suspension was filtered through a 70mm cell strainer, washed in DBPS/ 2% FCS/ 1mM EDTA and spun down at 400g for 10 minutes. After red blood cell lysis (BioLegend, San Diego, CA), cells were washed as before. Dead cells were depleted from the suspension using the dead cell depletion kit (Miltenyi Biotec, Bergisch Gladbach, Germany), following manufacturer’s recommendations. Viability of the final cell suspension was calculated using a hemocytometer and Trypan blue (Corning) exclusion and was routinely > 85%.","total RNA","10X genomics V1 or V2 protocol following manufacturer recommendations","10x Genomics Library Kits","","9606","FASTQ were demultiplexed using Cell Ranger v2.0 and aligned to the Grch38 human","Cell barcodes and unique molecular identifiers (UMIs) were extracted and “Raw” UMI matrix generated for each sample","extracted cell-barcodes associated with at least 800 UMIs from the “Raw” output UMI matrices of CellRanger","Epithelial cells, Red blood cells and cell-barcodess associated with high mitochondrial mRNA content were excluded by """"in-silico"""" gating precedure which computes that fractoin of UMIs assocated with each gene signature. Thresholds and genes lists are detailed in the manuscripts.","Genome_build: Grch38","GPL18573","Mamta,,Giri","mamta.giri@mssm.edu","Cho lab","Institute of Personalized medicine","Mount Sinai hospital","1470 madison ave","new york","new york","10029","USA","0","Illumina NextSeq 500","cDNA","transcriptomic","RNA-Seq","BioSample: https://www.ncbi.nlm.nih.gov/biosample/SAMN12356584","SRA: https://www.ncbi.nlm.nih.gov/sra?term=SRX6584253","ftp://ftp.ncbi.nlm.nih.gov/geo/samples/GSM3972nnn/GSM3972010/suppl/GSM3972010_68_barcodes.tsv.gz","ftp://ftp.ncbi.nlm.nih.gov/geo/samples/GSM3972nnn/GSM3972010/suppl/GSM3972010_68_genes.tsv.gz","ftp://ftp.ncbi.nlm.nih.gov/geo/samples/GSM3972nnn/GSM3972010/suppl/GSM3972010_68_matrix.mtx.gz","V1",NA,"Uninvolved","ileal"
"GSM3972011","Ileal Involved 122","GSM3972011","Public on Aug 29 2019","Jul 24 2019","Aug 30 2019","SRA","1","Surgical resection","Homo sapiens","tissue: ileal","status: Involved","10x chemistry: V2","Lamina prorpia single cell suspensions were prepared from surgically resected inflamed or uninflamed ileum from Crohn's disease patients. Fifteen to twenty mucosal biopsies sampled all along the resected specimens using a biopsy forceps (EndoChoice, Alpharetta, GA). Epithelial cells were dissociated by incubating the biopsies in an EDTA-enriched dissociation medium (HBSS w/o Ca2+ Mg2+ (Life Technologies, Carlsbad, CA) - HEPES 10mM (Life Technologies) - EDTA 5mM (Life Technologies)) at +37oC under 100 rpm agitation for two cycles of 15 minutes. After each cycle, biopsies were hand-shaken for 30s and then vortexed vigorously for another 30s. Biopsies were then washed in complete RPMI media previously put at RT, and transferred in digestion medium (HBSS with Ca2+ Mg2+ - FCS 2% - DNase I 0.5mg/ml (Sigma-Aldrich, St. Louis, MO) – Collagenase IV 0.5mg/ml (Sigma-Aldrich)) for 40 minutes at +37oC under 100 rpm agitation. After digestion, the cell suspension was filtered through a 70mm cell strainer, washed in DBPS/ 2% FCS/ 1mM EDTA and spun down at 400g for 10 minutes. After red blood cell lysis (BioLegend, San Diego, CA), cells were washed as before. Dead cells were depleted from the suspension using the dead cell depletion kit (Miltenyi Biotec, Bergisch Gladbach, Germany), following manufacturer’s recommendations. Viability of the final cell suspension was calculated using a hemocytometer and Trypan blue (Corning) exclusion and was routinely > 85%.","total RNA","10X genomics V1 or V2 protocol following manufacturer recommendations","10x Genomics Library Kits","","9606","FASTQ were demultiplexed using Cell Ranger v2.0 and aligned to the Grch38 human","Cell barcodes and unique molecular identifiers (UMIs) were extracted and “Raw” UMI matrix generated for each sample","extracted cell-barcodes associated with at least 800 UMIs from the “Raw” output UMI matrices of CellRanger","Epithelial cells, Red blood cells and cell-barcodess associated with high mitochondrial mRNA content were excluded by """"in-silico"""" gating precedure which computes that fractoin of UMIs assocated with each gene signature. Thresholds and genes lists are detailed in the manuscripts.","Genome_build: Grch38","GPL18573","Mamta,,Giri","mamta.giri@mssm.edu","Cho lab","Institute of Personalized medicine","Mount Sinai hospital","1470 madison ave","new york","new york","10029","USA","0","Illumina NextSeq 500","cDNA","transcriptomic","RNA-Seq","BioSample: https://www.ncbi.nlm.nih.gov/biosample/SAMN12356583","SRA: https://www.ncbi.nlm.nih.gov/sra?term=SRX6584254","ftp://ftp.ncbi.nlm.nih.gov/geo/samples/GSM3972nnn/GSM3972011/suppl/GSM3972011_122_barcodes.tsv.gz","ftp://ftp.ncbi.nlm.nih.gov/geo/samples/GSM3972nnn/GSM3972011/suppl/GSM3972011_122_genes.tsv.gz","ftp://ftp.ncbi.nlm.nih.gov/geo/samples/GSM3972nnn/GSM3972011/suppl/GSM3972011_122_matrix.mtx.gz","V2",NA,"Involved","ileal"
"GSM3972012","Ileal Uninvolved 123","GSM3972012","Public on Aug 29 2019","Jul 24 2019","Aug 30 2019","SRA","1","Surgical resection","Homo sapiens","tissue: ileal","status: Uninvolved","10x chemistry: V2","Lamina prorpia single cell suspensions were prepared from surgically resected inflamed or uninflamed ileum from Crohn's disease patients. Fifteen to twenty mucosal biopsies sampled all along the resected specimens using a biopsy forceps (EndoChoice, Alpharetta, GA). Epithelial cells were dissociated by incubating the biopsies in an EDTA-enriched dissociation medium (HBSS w/o Ca2+ Mg2+ (Life Technologies, Carlsbad, CA) - HEPES 10mM (Life Technologies) - EDTA 5mM (Life Technologies)) at +37oC under 100 rpm agitation for two cycles of 15 minutes. After each cycle, biopsies were hand-shaken for 30s and then vortexed vigorously for another 30s. Biopsies were then washed in complete RPMI media previously put at RT, and transferred in digestion medium (HBSS with Ca2+ Mg2+ - FCS 2% - DNase I 0.5mg/ml (Sigma-Aldrich, St. Louis, MO) – Collagenase IV 0.5mg/ml (Sigma-Aldrich)) for 40 minutes at +37oC under 100 rpm agitation. After digestion, the cell suspension was filtered through a 70mm cell strainer, washed in DBPS/ 2% FCS/ 1mM EDTA and spun down at 400g for 10 minutes. After red blood cell lysis (BioLegend, San Diego, CA), cells were washed as before. Dead cells were depleted from the suspension using the dead cell depletion kit (Miltenyi Biotec, Bergisch Gladbach, Germany), following manufacturer’s recommendations. Viability of the final cell suspension was calculated using a hemocytometer and Trypan blue (Corning) exclusion and was routinely > 85%.","total RNA","10X genomics V1 or V2 protocol following manufacturer recommendations","10x Genomics Library Kits","","9606","FASTQ were demultiplexed using Cell Ranger v2.0 and aligned to the Grch38 human","Cell barcodes and unique molecular identifiers (UMIs) were extracted and “Raw” UMI matrix generated for each sample","extracted cell-barcodes associated with at least 800 UMIs from the “Raw” output UMI matrices of CellRanger","Epithelial cells, Red blood cells and cell-barcodess associated with high mitochondrial mRNA content were excluded by """"in-silico"""" gating precedure which computes that fractoin of UMIs assocated with each gene signature. Thresholds and genes lists are detailed in the manuscripts.","Genome_build: Grch38","GPL18573","Mamta,,Giri","mamta.giri@mssm.edu","Cho lab","Institute of Personalized medicine","Mount Sinai hospital","1470 madison ave","new york","new york","10029","USA","0","Illumina NextSeq 500","cDNA","transcriptomic","RNA-Seq","BioSample: https://www.ncbi.nlm.nih.gov/biosample/SAMN12356582","SRA: https://www.ncbi.nlm.nih.gov/sra?term=SRX6584255","ftp://ftp.ncbi.nlm.nih.gov/geo/samples/GSM3972nnn/GSM3972012/suppl/GSM3972012_123_barcodes.tsv.gz","ftp://ftp.ncbi.nlm.nih.gov/geo/samples/GSM3972nnn/GSM3972012/suppl/GSM3972012_123_genes.tsv.gz","ftp://ftp.ncbi.nlm.nih.gov/geo/samples/GSM3972nnn/GSM3972012/suppl/GSM3972012_123_matrix.mtx.gz","V2",NA,"Uninvolved","ileal"
"GSM3972013","Ileal Involved 128","GSM3972013","Public on Aug 29 2019","Jul 24 2019","Aug 30 2019","SRA","1","Surgical resection","Homo sapiens","tissue: ileal","status: Involved","10x chemistry: V2","Lamina prorpia single cell suspensions were prepared from surgically resected inflamed or uninflamed ileum from Crohn's disease patients. Fifteen to twenty mucosal biopsies sampled all along the resected specimens using a biopsy forceps (EndoChoice, Alpharetta, GA). Epithelial cells were dissociated by incubating the biopsies in an EDTA-enriched dissociation medium (HBSS w/o Ca2+ Mg2+ (Life Technologies, Carlsbad, CA) - HEPES 10mM (Life Technologies) - EDTA 5mM (Life Technologies)) at +37oC under 100 rpm agitation for two cycles of 15 minutes. After each cycle, biopsies were hand-shaken for 30s and then vortexed vigorously for another 30s. Biopsies were then washed in complete RPMI media previously put at RT, and transferred in digestion medium (HBSS with Ca2+ Mg2+ - FCS 2% - DNase I 0.5mg/ml (Sigma-Aldrich, St. Louis, MO) – Collagenase IV 0.5mg/ml (Sigma-Aldrich)) for 40 minutes at +37oC under 100 rpm agitation. After digestion, the cell suspension was filtered through a 70mm cell strainer, washed in DBPS/ 2% FCS/ 1mM EDTA and spun down at 400g for 10 minutes. After red blood cell lysis (BioLegend, San Diego, CA), cells were washed as before. Dead cells were depleted from the suspension using the dead cell depletion kit (Miltenyi Biotec, Bergisch Gladbach, Germany), following manufacturer’s recommendations. Viability of the final cell suspension was calculated using a hemocytometer and Trypan blue (Corning) exclusion and was routinely > 85%.","total RNA","10X genomics V1 or V2 protocol following manufacturer recommendations","10x Genomics Library Kits","","9606","FASTQ were demultiplexed using Cell Ranger v2.0 and aligned to the Grch38 human","Cell barcodes and unique molecular identifiers (UMIs) were extracted and “Raw” UMI matrix generated for each sample","extracted cell-barcodes associated with at least 800 UMIs from the “Raw” output UMI matrices of CellRanger","Epithelial cells, Red blood cells and cell-barcodess associated with high mitochondrial mRNA content were excluded by """"in-silico"""" gating precedure which computes that fractoin of UMIs assocated with each gene signature. Thresholds and genes lists are detailed in the manuscripts.","Genome_build: Grch38","GPL18573","Mamta,,Giri","mamta.giri@mssm.edu","Cho lab","Institute of Personalized medicine","Mount Sinai hospital","1470 madison ave","new york","new york","10029","USA","0","Illumina NextSeq 500","cDNA","transcriptomic","RNA-Seq","BioSample: https://www.ncbi.nlm.nih.gov/biosample/SAMN12356581","SRA: https://www.ncbi.nlm.nih.gov/sra?term=SRX6584256","ftp://ftp.ncbi.nlm.nih.gov/geo/samples/GSM3972nnn/GSM3972013/suppl/GSM3972013_128_barcodes.tsv.gz","ftp://ftp.ncbi.nlm.nih.gov/geo/samples/GSM3972nnn/GSM3972013/suppl/GSM3972013_128_genes.tsv.gz","ftp://ftp.ncbi.nlm.nih.gov/geo/samples/GSM3972nnn/GSM3972013/suppl/GSM3972013_128_matrix.mtx.gz","V2",NA,"Involved","ileal"
"GSM3972014","Ileal Uninvolved 129","GSM3972014","Public on Aug 29 2019","Jul 24 2019","Aug 30 2019","SRA","1","Surgical resection","Homo sapiens","tissue: ileal","status: Uninvolved","10x chemistry: V2","Lamina prorpia single cell suspensions were prepared from surgically resected inflamed or uninflamed ileum from Crohn's disease patients. Fifteen to twenty mucosal biopsies sampled all along the resected specimens using a biopsy forceps (EndoChoice, Alpharetta, GA). Epithelial cells were dissociated by incubating the biopsies in an EDTA-enriched dissociation medium (HBSS w/o Ca2+ Mg2+ (Life Technologies, Carlsbad, CA) - HEPES 10mM (Life Technologies) - EDTA 5mM (Life Technologies)) at +37oC under 100 rpm agitation for two cycles of 15 minutes. After each cycle, biopsies were hand-shaken for 30s and then vortexed vigorously for another 30s. Biopsies were then washed in complete RPMI media previously put at RT, and transferred in digestion medium (HBSS with Ca2+ Mg2+ - FCS 2% - DNase I 0.5mg/ml (Sigma-Aldrich, St. Louis, MO) – Collagenase IV 0.5mg/ml (Sigma-Aldrich)) for 40 minutes at +37oC under 100 rpm agitation. After digestion, the cell suspension was filtered through a 70mm cell strainer, washed in DBPS/ 2% FCS/ 1mM EDTA and spun down at 400g for 10 minutes. After red blood cell lysis (BioLegend, San Diego, CA), cells were washed as before. Dead cells were depleted from the suspension using the dead cell depletion kit (Miltenyi Biotec, Bergisch Gladbach, Germany), following manufacturer’s recommendations. Viability of the final cell suspension was calculated using a hemocytometer and Trypan blue (Corning) exclusion and was routinely > 85%.","total RNA","10X genomics V1 or V2 protocol following manufacturer recommendations","10x Genomics Library Kits","","9606","FASTQ were demultiplexed using Cell Ranger v2.0 and aligned to the Grch38 human","Cell barcodes and unique molecular identifiers (UMIs) were extracted and “Raw” UMI matrix generated for each sample","extracted cell-barcodes associated with at least 800 UMIs from the “Raw” output UMI matrices of CellRanger","Epithelial cells, Red blood cells and cell-barcodess associated with high mitochondrial mRNA content were excluded by """"in-silico"""" gating precedure which computes that fractoin of UMIs assocated with each gene signature. Thresholds and genes lists are detailed in the manuscripts.","Genome_build: Grch38","GPL18573","Mamta,,Giri","mamta.giri@mssm.edu","Cho lab","Institute of Personalized medicine","Mount Sinai hospital","1470 madison ave","new york","new york","10029","USA","0","Illumina NextSeq 500","cDNA","transcriptomic","RNA-Seq","BioSample: https://www.ncbi.nlm.nih.gov/biosample/SAMN12356580","SRA: https://www.ncbi.nlm.nih.gov/sra?term=SRX6584257","ftp://ftp.ncbi.nlm.nih.gov/geo/samples/GSM3972nnn/GSM3972014/suppl/GSM3972014_129_barcodes.tsv.gz","ftp://ftp.ncbi.nlm.nih.gov/geo/samples/GSM3972nnn/GSM3972014/suppl/GSM3972014_129_genes.tsv.gz","ftp://ftp.ncbi.nlm.nih.gov/geo/samples/GSM3972nnn/GSM3972014/suppl/GSM3972014_129_matrix.mtx.gz","V2",NA,"Uninvolved","ileal"
"GSM3972015","Ileal Uninvolved 135","GSM3972015","Public on Aug 29 2019","Jul 24 2019","Aug 30 2019","SRA","1","Surgical resection","Homo sapiens","tissue: ileal","status: Uninvolved","10x chemistry: V2","Lamina prorpia single cell suspensions were prepared from surgically resected inflamed or uninflamed ileum from Crohn's disease patients. Fifteen to twenty mucosal biopsies sampled all along the resected specimens using a biopsy forceps (EndoChoice, Alpharetta, GA). Epithelial cells were dissociated by incubating the biopsies in an EDTA-enriched dissociation medium (HBSS w/o Ca2+ Mg2+ (Life Technologies, Carlsbad, CA) - HEPES 10mM (Life Technologies) - EDTA 5mM (Life Technologies)) at +37oC under 100 rpm agitation for two cycles of 15 minutes. After each cycle, biopsies were hand-shaken for 30s and then vortexed vigorously for another 30s. Biopsies were then washed in complete RPMI media previously put at RT, and transferred in digestion medium (HBSS with Ca2+ Mg2+ - FCS 2% - DNase I 0.5mg/ml (Sigma-Aldrich, St. Louis, MO) – Collagenase IV 0.5mg/ml (Sigma-Aldrich)) for 40 minutes at +37oC under 100 rpm agitation. After digestion, the cell suspension was filtered through a 70mm cell strainer, washed in DBPS/ 2% FCS/ 1mM EDTA and spun down at 400g for 10 minutes. After red blood cell lysis (BioLegend, San Diego, CA), cells were washed as before. Dead cells were depleted from the suspension using the dead cell depletion kit (Miltenyi Biotec, Bergisch Gladbach, Germany), following manufacturer’s recommendations. Viability of the final cell suspension was calculated using a hemocytometer and Trypan blue (Corning) exclusion and was routinely > 85%.","total RNA","10X genomics V1 or V2 protocol following manufacturer recommendations","10x Genomics Library Kits","","9606","FASTQ were demultiplexed using Cell Ranger v2.0 and aligned to the Grch38 human","Cell barcodes and unique molecular identifiers (UMIs) were extracted and “Raw” UMI matrix generated for each sample","extracted cell-barcodes associated with at least 800 UMIs from the “Raw” output UMI matrices of CellRanger","Epithelial cells, Red blood cells and cell-barcodess associated with high mitochondrial mRNA content were excluded by """"in-silico"""" gating precedure which computes that fractoin of UMIs assocated with each gene signature. Thresholds and genes lists are detailed in the manuscripts.","Genome_build: Grch38","GPL18573","Mamta,,Giri","mamta.giri@mssm.edu","Cho lab","Institute of Personalized medicine","Mount Sinai hospital","1470 madison ave","new york","new york","10029","USA","0","Illumina NextSeq 500","cDNA","transcriptomic","RNA-Seq","BioSample: https://www.ncbi.nlm.nih.gov/biosample/SAMN12356579","SRA: https://www.ncbi.nlm.nih.gov/sra?term=SRX6584258","ftp://ftp.ncbi.nlm.nih.gov/geo/samples/GSM3972nnn/GSM3972015/suppl/GSM3972015_135_barcodes.tsv.gz","ftp://ftp.ncbi.nlm.nih.gov/geo/samples/GSM3972nnn/GSM3972015/suppl/GSM3972015_135_genes.tsv.gz","ftp://ftp.ncbi.nlm.nih.gov/geo/samples/GSM3972nnn/GSM3972015/suppl/GSM3972015_135_matrix.mtx.gz","V2",NA,"Uninvolved","ileal"
"GSM3972016","Ileal Involved 138","GSM3972016","Public on Aug 29 2019","Jul 24 2019","Aug 30 2019","SRA","1","Surgical resection","Homo sapiens","tissue: ileal","status: Involved","10x chemistry: V2","Lamina prorpia single cell suspensions were prepared from surgically resected inflamed or uninflamed ileum from Crohn's disease patients. Fifteen to twenty mucosal biopsies sampled all along the resected specimens using a biopsy forceps (EndoChoice, Alpharetta, GA). Epithelial cells were dissociated by incubating the biopsies in an EDTA-enriched dissociation medium (HBSS w/o Ca2+ Mg2+ (Life Technologies, Carlsbad, CA) - HEPES 10mM (Life Technologies) - EDTA 5mM (Life Technologies)) at +37oC under 100 rpm agitation for two cycles of 15 minutes. After each cycle, biopsies were hand-shaken for 30s and then vortexed vigorously for another 30s. Biopsies were then washed in complete RPMI media previously put at RT, and transferred in digestion medium (HBSS with Ca2+ Mg2+ - FCS 2% - DNase I 0.5mg/ml (Sigma-Aldrich, St. Louis, MO) – Collagenase IV 0.5mg/ml (Sigma-Aldrich)) for 40 minutes at +37oC under 100 rpm agitation. After digestion, the cell suspension was filtered through a 70mm cell strainer, washed in DBPS/ 2% FCS/ 1mM EDTA and spun down at 400g for 10 minutes. After red blood cell lysis (BioLegend, San Diego, CA), cells were washed as before. Dead cells were depleted from the suspension using the dead cell depletion kit (Miltenyi Biotec, Bergisch Gladbach, Germany), following manufacturer’s recommendations. Viability of the final cell suspension was calculated using a hemocytometer and Trypan blue (Corning) exclusion and was routinely > 85%.","total RNA","10X genomics V1 or V2 protocol following manufacturer recommendations","10x Genomics Library Kits","","9606","FASTQ were demultiplexed using Cell Ranger v2.0 and aligned to the Grch38 human","Cell barcodes and unique molecular identifiers (UMIs) were extracted and “Raw” UMI matrix generated for each sample","extracted cell-barcodes associated with at least 800 UMIs from the “Raw” output UMI matrices of CellRanger","Epithelial cells, Red blood cells and cell-barcodess associated with high mitochondrial mRNA content were excluded by """"in-silico"""" gating precedure which computes that fractoin of UMIs assocated with each gene signature. Thresholds and genes lists are detailed in the manuscripts.","Genome_build: Grch38","GPL18573","Mamta,,Giri","mamta.giri@mssm.edu","Cho lab","Institute of Personalized medicine","Mount Sinai hospital","1470 madison ave","new york","new york","10029","USA","0","Illumina NextSeq 500","cDNA","transcriptomic","RNA-Seq","BioSample: https://www.ncbi.nlm.nih.gov/biosample/SAMN12356578","SRA: https://www.ncbi.nlm.nih.gov/sra?term=SRX6584259","ftp://ftp.ncbi.nlm.nih.gov/geo/samples/GSM3972nnn/GSM3972016/suppl/GSM3972016_138_barcodes.tsv.gz","ftp://ftp.ncbi.nlm.nih.gov/geo/samples/GSM3972nnn/GSM3972016/suppl/GSM3972016_138_genes.tsv.gz","ftp://ftp.ncbi.nlm.nih.gov/geo/samples/GSM3972nnn/GSM3972016/suppl/GSM3972016_138_matrix.mtx.gz","V2",NA,"Involved","ileal"
"GSM3972017","Ileal Involved 158","GSM3972017","Public on Aug 29 2019","Jul 24 2019","Aug 30 2019","SRA","1","Surgical resection","Homo sapiens","tissue: ileal","status: Involved","10x chemistry: V2","Lamina prorpia single cell suspensions were prepared from surgically resected inflamed or uninflamed ileum from Crohn's disease patients. Fifteen to twenty mucosal biopsies sampled all along the resected specimens using a biopsy forceps (EndoChoice, Alpharetta, GA). Epithelial cells were dissociated by incubating the biopsies in an EDTA-enriched dissociation medium (HBSS w/o Ca2+ Mg2+ (Life Technologies, Carlsbad, CA) - HEPES 10mM (Life Technologies) - EDTA 5mM (Life Technologies)) at +37oC under 100 rpm agitation for two cycles of 15 minutes. After each cycle, biopsies were hand-shaken for 30s and then vortexed vigorously for another 30s. Biopsies were then washed in complete RPMI media previously put at RT, and transferred in digestion medium (HBSS with Ca2+ Mg2+ - FCS 2% - DNase I 0.5mg/ml (Sigma-Aldrich, St. Louis, MO) – Collagenase IV 0.5mg/ml (Sigma-Aldrich)) for 40 minutes at +37oC under 100 rpm agitation. After digestion, the cell suspension was filtered through a 70mm cell strainer, washed in DBPS/ 2% FCS/ 1mM EDTA and spun down at 400g for 10 minutes. After red blood cell lysis (BioLegend, San Diego, CA), cells were washed as before. Dead cells were depleted from the suspension using the dead cell depletion kit (Miltenyi Biotec, Bergisch Gladbach, Germany), following manufacturer’s recommendations. Viability of the final cell suspension was calculated using a hemocytometer and Trypan blue (Corning) exclusion and was routinely > 85%.","total RNA","10X genomics V1 or V2 protocol following manufacturer recommendations","10x Genomics Library Kits","","9606","FASTQ were demultiplexed using Cell Ranger v2.0 and aligned to the Grch38 human","Cell barcodes and unique molecular identifiers (UMIs) were extracted and “Raw” UMI matrix generated for each sample","extracted cell-barcodes associated with at least 800 UMIs from the “Raw” output UMI matrices of CellRanger","Epithelial cells, Red blood cells and cell-barcodess associated with high mitochondrial mRNA content were excluded by """"in-silico"""" gating precedure which computes that fractoin of UMIs assocated with each gene signature. Thresholds and genes lists are detailed in the manuscripts.","Genome_build: Grch38","GPL18573","Mamta,,Giri","mamta.giri@mssm.edu","Cho lab","Institute of Personalized medicine","Mount Sinai hospital","1470 madison ave","new york","new york","10029","USA","0","Illumina NextSeq 500","cDNA","transcriptomic","RNA-Seq","BioSample: https://www.ncbi.nlm.nih.gov/biosample/SAMN12356577","SRA: https://www.ncbi.nlm.nih.gov/sra?term=SRX6584260","ftp://ftp.ncbi.nlm.nih.gov/geo/samples/GSM3972nnn/GSM3972017/suppl/GSM3972017_158_barcodes.tsv.gz","ftp://ftp.ncbi.nlm.nih.gov/geo/samples/GSM3972nnn/GSM3972017/suppl/GSM3972017_158_genes.tsv.gz","ftp://ftp.ncbi.nlm.nih.gov/geo/samples/GSM3972nnn/GSM3972017/suppl/GSM3972017_158_matrix.mtx.gz","V2",NA,"Involved","ileal"
"GSM3972018","Ileal Uninvolved 159","GSM3972018","Public on Aug 29 2019","Jul 24 2019","Aug 30 2019","SRA","1","Surgical resection","Homo sapiens","tissue: ileal","status: Uninvolved","10x chemistry: V2","Lamina prorpia single cell suspensions were prepared from surgically resected inflamed or uninflamed ileum from Crohn's disease patients. Fifteen to twenty mucosal biopsies sampled all along the resected specimens using a biopsy forceps (EndoChoice, Alpharetta, GA). Epithelial cells were dissociated by incubating the biopsies in an EDTA-enriched dissociation medium (HBSS w/o Ca2+ Mg2+ (Life Technologies, Carlsbad, CA) - HEPES 10mM (Life Technologies) - EDTA 5mM (Life Technologies)) at +37oC under 100 rpm agitation for two cycles of 15 minutes. After each cycle, biopsies were hand-shaken for 30s and then vortexed vigorously for another 30s. Biopsies were then washed in complete RPMI media previously put at RT, and transferred in digestion medium (HBSS with Ca2+ Mg2+ - FCS 2% - DNase I 0.5mg/ml (Sigma-Aldrich, St. Louis, MO) – Collagenase IV 0.5mg/ml (Sigma-Aldrich)) for 40 minutes at +37oC under 100 rpm agitation. After digestion, the cell suspension was filtered through a 70mm cell strainer, washed in DBPS/ 2% FCS/ 1mM EDTA and spun down at 400g for 10 minutes. After red blood cell lysis (BioLegend, San Diego, CA), cells were washed as before. Dead cells were depleted from the suspension using the dead cell depletion kit (Miltenyi Biotec, Bergisch Gladbach, Germany), following manufacturer’s recommendations. Viability of the final cell suspension was calculated using a hemocytometer and Trypan blue (Corning) exclusion and was routinely > 85%.","total RNA","10X genomics V1 or V2 protocol following manufacturer recommendations","10x Genomics Library Kits","","9606","FASTQ were demultiplexed using Cell Ranger v2.0 and aligned to the Grch38 human","Cell barcodes and unique molecular identifiers (UMIs) were extracted and “Raw” UMI matrix generated for each sample","extracted cell-barcodes associated with at least 800 UMIs from the “Raw” output UMI matrices of CellRanger","Epithelial cells, Red blood cells and cell-barcodess associated with high mitochondrial mRNA content were excluded by """"in-silico"""" gating precedure which computes that fractoin of UMIs assocated with each gene signature. Thresholds and genes lists are detailed in the manuscripts.","Genome_build: Grch38","GPL18573","Mamta,,Giri","mamta.giri@mssm.edu","Cho lab","Institute of Personalized medicine","Mount Sinai hospital","1470 madison ave","new york","new york","10029","USA","0","Illumina NextSeq 500","cDNA","transcriptomic","RNA-Seq","BioSample: https://www.ncbi.nlm.nih.gov/biosample/SAMN12356576","SRA: https://www.ncbi.nlm.nih.gov/sra?term=SRX6584261","ftp://ftp.ncbi.nlm.nih.gov/geo/samples/GSM3972nnn/GSM3972018/suppl/GSM3972018_159_barcodes.tsv.gz","ftp://ftp.ncbi.nlm.nih.gov/geo/samples/GSM3972nnn/GSM3972018/suppl/GSM3972018_159_genes.tsv.gz","ftp://ftp.ncbi.nlm.nih.gov/geo/samples/GSM3972nnn/GSM3972018/suppl/GSM3972018_159_matrix.mtx.gz","V2",NA,"Uninvolved","ileal"
"GSM3972019","Ileal Uninvolved 180","GSM3972019","Public on Aug 29 2019","Jul 24 2019","Aug 30 2019","SRA","1","Surgical resection","Homo sapiens","tissue: ileal","status: Uninvolved","10x chemistry: V2","Lamina prorpia single cell suspensions were prepared from surgically resected inflamed or uninflamed ileum from Crohn's disease patients. Fifteen to twenty mucosal biopsies sampled all along the resected specimens using a biopsy forceps (EndoChoice, Alpharetta, GA). Epithelial cells were dissociated by incubating the biopsies in an EDTA-enriched dissociation medium (HBSS w/o Ca2+ Mg2+ (Life Technologies, Carlsbad, CA) - HEPES 10mM (Life Technologies) - EDTA 5mM (Life Technologies)) at +37oC under 100 rpm agitation for two cycles of 15 minutes. After each cycle, biopsies were hand-shaken for 30s and then vortexed vigorously for another 30s. Biopsies were then washed in complete RPMI media previously put at RT, and transferred in digestion medium (HBSS with Ca2+ Mg2+ - FCS 2% - DNase I 0.5mg/ml (Sigma-Aldrich, St. Louis, MO) – Collagenase IV 0.5mg/ml (Sigma-Aldrich)) for 40 minutes at +37oC under 100 rpm agitation. After digestion, the cell suspension was filtered through a 70mm cell strainer, washed in DBPS/ 2% FCS/ 1mM EDTA and spun down at 400g for 10 minutes. After red blood cell lysis (BioLegend, San Diego, CA), cells were washed as before. Dead cells were depleted from the suspension using the dead cell depletion kit (Miltenyi Biotec, Bergisch Gladbach, Germany), following manufacturer’s recommendations. Viability of the final cell suspension was calculated using a hemocytometer and Trypan blue (Corning) exclusion and was routinely > 85%.","total RNA","10X genomics V1 or V2 protocol following manufacturer recommendations","10x Genomics Library Kits","","9606","FASTQ were demultiplexed using Cell Ranger v2.0 and aligned to the Grch38 human","Cell barcodes and unique molecular identifiers (UMIs) were extracted and “Raw” UMI matrix generated for each sample","extracted cell-barcodes associated with at least 800 UMIs from the “Raw” output UMI matrices of CellRanger","Epithelial cells, Red blood cells and cell-barcodess associated with high mitochondrial mRNA content were excluded by """"in-silico"""" gating precedure which computes that fractoin of UMIs assocated with each gene signature. Thresholds and genes lists are detailed in the manuscripts.","Genome_build: Grch38","GPL18573","Mamta,,Giri","mamta.giri@mssm.edu","Cho lab","Institute of Personalized medicine","Mount Sinai hospital","1470 madison ave","new york","new york","10029","USA","0","Illumina NextSeq 500","cDNA","transcriptomic","RNA-Seq","BioSample: https://www.ncbi.nlm.nih.gov/biosample/SAMN12356575","SRA: https://www.ncbi.nlm.nih.gov/sra?term=SRX6584262","ftp://ftp.ncbi.nlm.nih.gov/geo/samples/GSM3972nnn/GSM3972019/suppl/GSM3972019_180_barcodes.tsv.gz","ftp://ftp.ncbi.nlm.nih.gov/geo/samples/GSM3972nnn/GSM3972019/suppl/GSM3972019_180_genes.tsv.gz","ftp://ftp.ncbi.nlm.nih.gov/geo/samples/GSM3972nnn/GSM3972019/suppl/GSM3972019_180_matrix.mtx.gz","V2",NA,"Uninvolved","ileal"
"GSM3972020","Ileal Involved 181","GSM3972020","Public on Aug 29 2019","Jul 24 2019","Aug 30 2019","SRA","1","Surgical resection","Homo sapiens","tissue: ileal","status: Involved","10x chemistry: V2","Lamina prorpia single cell suspensions were prepared from surgically resected inflamed or uninflamed ileum from Crohn's disease patients. Fifteen to twenty mucosal biopsies sampled all along the resected specimens using a biopsy forceps (EndoChoice, Alpharetta, GA). Epithelial cells were dissociated by incubating the biopsies in an EDTA-enriched dissociation medium (HBSS w/o Ca2+ Mg2+ (Life Technologies, Carlsbad, CA) - HEPES 10mM (Life Technologies) - EDTA 5mM (Life Technologies)) at +37oC under 100 rpm agitation for two cycles of 15 minutes. After each cycle, biopsies were hand-shaken for 30s and then vortexed vigorously for another 30s. Biopsies were then washed in complete RPMI media previously put at RT, and transferred in digestion medium (HBSS with Ca2+ Mg2+ - FCS 2% - DNase I 0.5mg/ml (Sigma-Aldrich, St. Louis, MO) – Collagenase IV 0.5mg/ml (Sigma-Aldrich)) for 40 minutes at +37oC under 100 rpm agitation. After digestion, the cell suspension was filtered through a 70mm cell strainer, washed in DBPS/ 2% FCS/ 1mM EDTA and spun down at 400g for 10 minutes. After red blood cell lysis (BioLegend, San Diego, CA), cells were washed as before. Dead cells were depleted from the suspension using the dead cell depletion kit (Miltenyi Biotec, Bergisch Gladbach, Germany), following manufacturer’s recommendations. Viability of the final cell suspension was calculated using a hemocytometer and Trypan blue (Corning) exclusion and was routinely > 85%.","total RNA","10X genomics V1 or V2 protocol following manufacturer recommendations","10x Genomics Library Kits","","9606","FASTQ were demultiplexed using Cell Ranger v2.0 and aligned to the Grch38 human","Cell barcodes and unique molecular identifiers (UMIs) were extracted and “Raw” UMI matrix generated for each sample","extracted cell-barcodes associated with at least 800 UMIs from the “Raw” output UMI matrices of CellRanger","Epithelial cells, Red blood cells and cell-barcodess associated with high mitochondrial mRNA content were excluded by """"in-silico"""" gating precedure which computes that fractoin of UMIs assocated with each gene signature. Thresholds and genes lists are detailed in the manuscripts.","Genome_build: Grch38","GPL18573","Mamta,,Giri","mamta.giri@mssm.edu","Cho lab","Institute of Personalized medicine","Mount Sinai hospital","1470 madison ave","new york","new york","10029","USA","0","Illumina NextSeq 500","cDNA","transcriptomic","RNA-Seq","BioSample: https://www.ncbi.nlm.nih.gov/biosample/SAMN12356574","SRA: https://www.ncbi.nlm.nih.gov/sra?term=SRX6584263","ftp://ftp.ncbi.nlm.nih.gov/geo/samples/GSM3972nnn/GSM3972020/suppl/GSM3972020_181_barcodes.tsv.gz","ftp://ftp.ncbi.nlm.nih.gov/geo/samples/GSM3972nnn/GSM3972020/suppl/GSM3972020_181_genes.tsv.gz","ftp://ftp.ncbi.nlm.nih.gov/geo/samples/GSM3972nnn/GSM3972020/suppl/GSM3972020_181_matrix.mtx.gz","V2",NA,"Involved","ileal"
"GSM3972021","Ileal Uninvolved 186","GSM3972021","Public on Aug 29 2019","Jul 24 2019","Aug 30 2019","SRA","1","Surgical resection","Homo sapiens","tissue: ileal","status: Uninvolved","10x chemistry: V2","Lamina prorpia single cell suspensions were prepared from surgically resected inflamed or uninflamed ileum from Crohn's disease patients. Fifteen to twenty mucosal biopsies sampled all along the resected specimens using a biopsy forceps (EndoChoice, Alpharetta, GA). Epithelial cells were dissociated by incubating the biopsies in an EDTA-enriched dissociation medium (HBSS w/o Ca2+ Mg2+ (Life Technologies, Carlsbad, CA) - HEPES 10mM (Life Technologies) - EDTA 5mM (Life Technologies)) at +37oC under 100 rpm agitation for two cycles of 15 minutes. After each cycle, biopsies were hand-shaken for 30s and then vortexed vigorously for another 30s. Biopsies were then washed in complete RPMI media previously put at RT, and transferred in digestion medium (HBSS with Ca2+ Mg2+ - FCS 2% - DNase I 0.5mg/ml (Sigma-Aldrich, St. Louis, MO) – Collagenase IV 0.5mg/ml (Sigma-Aldrich)) for 40 minutes at +37oC under 100 rpm agitation. After digestion, the cell suspension was filtered through a 70mm cell strainer, washed in DBPS/ 2% FCS/ 1mM EDTA and spun down at 400g for 10 minutes. After red blood cell lysis (BioLegend, San Diego, CA), cells were washed as before. Dead cells were depleted from the suspension using the dead cell depletion kit (Miltenyi Biotec, Bergisch Gladbach, Germany), following manufacturer’s recommendations. Viability of the final cell suspension was calculated using a hemocytometer and Trypan blue (Corning) exclusion and was routinely > 85%.","total RNA","10X genomics V1 or V2 protocol following manufacturer recommendations","10x Genomics Library Kits","","9606","FASTQ were demultiplexed using Cell Ranger v2.0 and aligned to the Grch38 human","Cell barcodes and unique molecular identifiers (UMIs) were extracted and “Raw” UMI matrix generated for each sample","extracted cell-barcodes associated with at least 800 UMIs from the “Raw” output UMI matrices of CellRanger","Epithelial cells, Red blood cells and cell-barcodess associated with high mitochondrial mRNA content were excluded by """"in-silico"""" gating precedure which computes that fractoin of UMIs assocated with each gene signature. Thresholds and genes lists are detailed in the manuscripts.","Genome_build: Grch38","GPL18573","Mamta,,Giri","mamta.giri@mssm.edu","Cho lab","Institute of Personalized medicine","Mount Sinai hospital","1470 madison ave","new york","new york","10029","USA","0","Illumina NextSeq 500","cDNA","transcriptomic","RNA-Seq","BioSample: https://www.ncbi.nlm.nih.gov/biosample/SAMN12356573","SRA: https://www.ncbi.nlm.nih.gov/sra?term=SRX6584264","ftp://ftp.ncbi.nlm.nih.gov/geo/samples/GSM3972nnn/GSM3972021/suppl/GSM3972021_186_barcodes.tsv.gz","ftp://ftp.ncbi.nlm.nih.gov/geo/samples/GSM3972nnn/GSM3972021/suppl/GSM3972021_186_genes.tsv.gz","ftp://ftp.ncbi.nlm.nih.gov/geo/samples/GSM3972nnn/GSM3972021/suppl/GSM3972021_186_matrix.mtx.gz","V2",NA,"Uninvolved","ileal"
"GSM3972022","Ileal Involved 187","GSM3972022","Public on Aug 29 2019","Jul 24 2019","Aug 30 2019","SRA","1","Surgical resection","Homo sapiens","tissue: ileal","status: Involved","10x chemistry: V2","Lamina prorpia single cell suspensions were prepared from surgically resected inflamed or uninflamed ileum from Crohn's disease patients. Fifteen to twenty mucosal biopsies sampled all along the resected specimens using a biopsy forceps (EndoChoice, Alpharetta, GA). Epithelial cells were dissociated by incubating the biopsies in an EDTA-enriched dissociation medium (HBSS w/o Ca2+ Mg2+ (Life Technologies, Carlsbad, CA) - HEPES 10mM (Life Technologies) - EDTA 5mM (Life Technologies)) at +37oC under 100 rpm agitation for two cycles of 15 minutes. After each cycle, biopsies were hand-shaken for 30s and then vortexed vigorously for another 30s. Biopsies were then washed in complete RPMI media previously put at RT, and transferred in digestion medium (HBSS with Ca2+ Mg2+ - FCS 2% - DNase I 0.5mg/ml (Sigma-Aldrich, St. Louis, MO) – Collagenase IV 0.5mg/ml (Sigma-Aldrich)) for 40 minutes at +37oC under 100 rpm agitation. After digestion, the cell suspension was filtered through a 70mm cell strainer, washed in DBPS/ 2% FCS/ 1mM EDTA and spun down at 400g for 10 minutes. After red blood cell lysis (BioLegend, San Diego, CA), cells were washed as before. Dead cells were depleted from the suspension using the dead cell depletion kit (Miltenyi Biotec, Bergisch Gladbach, Germany), following manufacturer’s recommendations. Viability of the final cell suspension was calculated using a hemocytometer and Trypan blue (Corning) exclusion and was routinely > 85%.","total RNA","10X genomics V1 or V2 protocol following manufacturer recommendations","10x Genomics Library Kits","","9606","FASTQ were demultiplexed using Cell Ranger v2.0 and aligned to the Grch38 human","Cell barcodes and unique molecular identifiers (UMIs) were extracted and “Raw” UMI matrix generated for each sample","extracted cell-barcodes associated with at least 800 UMIs from the “Raw” output UMI matrices of CellRanger","Epithelial cells, Red blood cells and cell-barcodess associated with high mitochondrial mRNA content were excluded by """"in-silico"""" gating precedure which computes that fractoin of UMIs assocated with each gene signature. Thresholds and genes lists are detailed in the manuscripts.","Genome_build: Grch38","GPL18573","Mamta,,Giri","mamta.giri@mssm.edu","Cho lab","Institute of Personalized medicine","Mount Sinai hospital","1470 madison ave","new york","new york","10029","USA","0","Illumina NextSeq 500","cDNA","transcriptomic","RNA-Seq","BioSample: https://www.ncbi.nlm.nih.gov/biosample/SAMN12356572","SRA: https://www.ncbi.nlm.nih.gov/sra?term=SRX6584265","ftp://ftp.ncbi.nlm.nih.gov/geo/samples/GSM3972nnn/GSM3972022/suppl/GSM3972022_187_barcodes.tsv.gz","ftp://ftp.ncbi.nlm.nih.gov/geo/samples/GSM3972nnn/GSM3972022/suppl/GSM3972022_187_genes.tsv.gz","ftp://ftp.ncbi.nlm.nih.gov/geo/samples/GSM3972nnn/GSM3972022/suppl/GSM3972022_187_matrix.mtx.gz","V2",NA,"Involved","ileal"
"GSM3972023","Ileal Uninvolved 189","GSM3972023","Public on Aug 29 2019","Jul 24 2019","Aug 30 2019","SRA","1","Surgical resection","Homo sapiens","tissue: ileal","status: Uninvolved","10x chemistry: V2","Lamina prorpia single cell suspensions were prepared from surgically resected inflamed or uninflamed ileum from Crohn's disease patients. Fifteen to twenty mucosal biopsies sampled all along the resected specimens using a biopsy forceps (EndoChoice, Alpharetta, GA). Epithelial cells were dissociated by incubating the biopsies in an EDTA-enriched dissociation medium (HBSS w/o Ca2+ Mg2+ (Life Technologies, Carlsbad, CA) - HEPES 10mM (Life Technologies) - EDTA 5mM (Life Technologies)) at +37oC under 100 rpm agitation for two cycles of 15 minutes. After each cycle, biopsies were hand-shaken for 30s and then vortexed vigorously for another 30s. Biopsies were then washed in complete RPMI media previously put at RT, and transferred in digestion medium (HBSS with Ca2+ Mg2+ - FCS 2% - DNase I 0.5mg/ml (Sigma-Aldrich, St. Louis, MO) – Collagenase IV 0.5mg/ml (Sigma-Aldrich)) for 40 minutes at +37oC under 100 rpm agitation. After digestion, the cell suspension was filtered through a 70mm cell strainer, washed in DBPS/ 2% FCS/ 1mM EDTA and spun down at 400g for 10 minutes. After red blood cell lysis (BioLegend, San Diego, CA), cells were washed as before. Dead cells were depleted from the suspension using the dead cell depletion kit (Miltenyi Biotec, Bergisch Gladbach, Germany), following manufacturer’s recommendations. Viability of the final cell suspension was calculated using a hemocytometer and Trypan blue (Corning) exclusion and was routinely > 85%.","total RNA","10X genomics V1 or V2 protocol following manufacturer recommendations","10x Genomics Library Kits","","9606","FASTQ were demultiplexed using Cell Ranger v2.0 and aligned to the Grch38 human","Cell barcodes and unique molecular identifiers (UMIs) were extracted and “Raw” UMI matrix generated for each sample","extracted cell-barcodes associated with at least 800 UMIs from the “Raw” output UMI matrices of CellRanger","Epithelial cells, Red blood cells and cell-barcodess associated with high mitochondrial mRNA content were excluded by """"in-silico"""" gating precedure which computes that fractoin of UMIs assocated with each gene signature. Thresholds and genes lists are detailed in the manuscripts.","Genome_build: Grch38","GPL18573","Mamta,,Giri","mamta.giri@mssm.edu","Cho lab","Institute of Personalized medicine","Mount Sinai hospital","1470 madison ave","new york","new york","10029","USA","0","Illumina NextSeq 500","cDNA","transcriptomic","RNA-Seq","BioSample: https://www.ncbi.nlm.nih.gov/biosample/SAMN12356571","SRA: https://www.ncbi.nlm.nih.gov/sra?term=SRX6584266","ftp://ftp.ncbi.nlm.nih.gov/geo/samples/GSM3972nnn/GSM3972023/suppl/GSM3972023_189_barcodes.tsv.gz","ftp://ftp.ncbi.nlm.nih.gov/geo/samples/GSM3972nnn/GSM3972023/suppl/GSM3972023_189_genes.tsv.gz","ftp://ftp.ncbi.nlm.nih.gov/geo/samples/GSM3972nnn/GSM3972023/suppl/GSM3972023_189_matrix.mtx.gz","V2",NA,"Uninvolved","ileal"
"GSM3972024","Ileal Involved 190","GSM3972024","Public on Aug 29 2019","Jul 24 2019","Aug 30 2019","SRA","1","Surgical resection","Homo sapiens","tissue: ileal","status: Involved","10x chemistry: V2","Lamina prorpia single cell suspensions were prepared from surgically resected inflamed or uninflamed ileum from Crohn's disease patients. Fifteen to twenty mucosal biopsies sampled all along the resected specimens using a biopsy forceps (EndoChoice, Alpharetta, GA). Epithelial cells were dissociated by incubating the biopsies in an EDTA-enriched dissociation medium (HBSS w/o Ca2+ Mg2+ (Life Technologies, Carlsbad, CA) - HEPES 10mM (Life Technologies) - EDTA 5mM (Life Technologies)) at +37oC under 100 rpm agitation for two cycles of 15 minutes. After each cycle, biopsies were hand-shaken for 30s and then vortexed vigorously for another 30s. Biopsies were then washed in complete RPMI media previously put at RT, and transferred in digestion medium (HBSS with Ca2+ Mg2+ - FCS 2% - DNase I 0.5mg/ml (Sigma-Aldrich, St. Louis, MO) – Collagenase IV 0.5mg/ml (Sigma-Aldrich)) for 40 minutes at +37oC under 100 rpm agitation. After digestion, the cell suspension was filtered through a 70mm cell strainer, washed in DBPS/ 2% FCS/ 1mM EDTA and spun down at 400g for 10 minutes. After red blood cell lysis (BioLegend, San Diego, CA), cells were washed as before. Dead cells were depleted from the suspension using the dead cell depletion kit (Miltenyi Biotec, Bergisch Gladbach, Germany), following manufacturer’s recommendations. Viability of the final cell suspension was calculated using a hemocytometer and Trypan blue (Corning) exclusion and was routinely > 85%.","total RNA","10X genomics V1 or V2 protocol following manufacturer recommendations","10x Genomics Library Kits","","9606","FASTQ were demultiplexed using Cell Ranger v2.0 and aligned to the Grch38 human","Cell barcodes and unique molecular identifiers (UMIs) were extracted and “Raw” UMI matrix generated for each sample","extracted cell-barcodes associated with at least 800 UMIs from the “Raw” output UMI matrices of CellRanger","Epithelial cells, Red blood cells and cell-barcodess associated with high mitochondrial mRNA content were excluded by """"in-silico"""" gating precedure which computes that fractoin of UMIs assocated with each gene signature. Thresholds and genes lists are detailed in the manuscripts.","Genome_build: Grch38","GPL18573","Mamta,,Giri","mamta.giri@mssm.edu","Cho lab","Institute of Personalized medicine","Mount Sinai hospital","1470 madison ave","new york","new york","10029","USA","0","Illumina NextSeq 500","cDNA","transcriptomic","RNA-Seq","BioSample: https://www.ncbi.nlm.nih.gov/biosample/SAMN12356570","SRA: https://www.ncbi.nlm.nih.gov/sra?term=SRX6584267","ftp://ftp.ncbi.nlm.nih.gov/geo/samples/GSM3972nnn/GSM3972024/suppl/GSM3972024_190_barcodes.tsv.gz","ftp://ftp.ncbi.nlm.nih.gov/geo/samples/GSM3972nnn/GSM3972024/suppl/GSM3972024_190_genes.tsv.gz","ftp://ftp.ncbi.nlm.nih.gov/geo/samples/GSM3972nnn/GSM3972024/suppl/GSM3972024_190_matrix.mtx.gz","V2",NA,"Involved","ileal"
"GSM3972025","Ileal Uninvolved 192","GSM3972025","Public on Aug 29 2019","Jul 24 2019","Aug 30 2019","SRA","1","Surgical resection","Homo sapiens","tissue: ileal","status: Uninvolved","10x chemistry: V2","Lamina prorpia single cell suspensions were prepared from surgically resected inflamed or uninflamed ileum from Crohn's disease patients. Fifteen to twenty mucosal biopsies sampled all along the resected specimens using a biopsy forceps (EndoChoice, Alpharetta, GA). Epithelial cells were dissociated by incubating the biopsies in an EDTA-enriched dissociation medium (HBSS w/o Ca2+ Mg2+ (Life Technologies, Carlsbad, CA) - HEPES 10mM (Life Technologies) - EDTA 5mM (Life Technologies)) at +37oC under 100 rpm agitation for two cycles of 15 minutes. After each cycle, biopsies were hand-shaken for 30s and then vortexed vigorously for another 30s. Biopsies were then washed in complete RPMI media previously put at RT, and transferred in digestion medium (HBSS with Ca2+ Mg2+ - FCS 2% - DNase I 0.5mg/ml (Sigma-Aldrich, St. Louis, MO) – Collagenase IV 0.5mg/ml (Sigma-Aldrich)) for 40 minutes at +37oC under 100 rpm agitation. After digestion, the cell suspension was filtered through a 70mm cell strainer, washed in DBPS/ 2% FCS/ 1mM EDTA and spun down at 400g for 10 minutes. After red blood cell lysis (BioLegend, San Diego, CA), cells were washed as before. Dead cells were depleted from the suspension using the dead cell depletion kit (Miltenyi Biotec, Bergisch Gladbach, Germany), following manufacturer’s recommendations. Viability of the final cell suspension was calculated using a hemocytometer and Trypan blue (Corning) exclusion and was routinely > 85%.","total RNA","10X genomics V1 or V2 protocol following manufacturer recommendations","10x Genomics Library Kits","","9606","FASTQ were demultiplexed using Cell Ranger v2.0 and aligned to the Grch38 human","Cell barcodes and unique molecular identifiers (UMIs) were extracted and “Raw” UMI matrix generated for each sample","extracted cell-barcodes associated with at least 800 UMIs from the “Raw” output UMI matrices of CellRanger","Epithelial cells, Red blood cells and cell-barcodess associated with high mitochondrial mRNA content were excluded by """"in-silico"""" gating precedure which computes that fractoin of UMIs assocated with each gene signature. Thresholds and genes lists are detailed in the manuscripts.","Genome_build: Grch38","GPL18573","Mamta,,Giri","mamta.giri@mssm.edu","Cho lab","Institute of Personalized medicine","Mount Sinai hospital","1470 madison ave","new york","new york","10029","USA","0","Illumina NextSeq 500","cDNA","transcriptomic","RNA-Seq","BioSample: https://www.ncbi.nlm.nih.gov/biosample/SAMN12356569","SRA: https://www.ncbi.nlm.nih.gov/sra?term=SRX6584268","ftp://ftp.ncbi.nlm.nih.gov/geo/samples/GSM3972nnn/GSM3972025/suppl/GSM3972025_192_barcodes.tsv.gz","ftp://ftp.ncbi.nlm.nih.gov/geo/samples/GSM3972nnn/GSM3972025/suppl/GSM3972025_192_genes.tsv.gz","ftp://ftp.ncbi.nlm.nih.gov/geo/samples/GSM3972nnn/GSM3972025/suppl/GSM3972025_192_matrix.mtx.gz","V2",NA,"Uninvolved","ileal"
"GSM3972026","Ileal Involved 193","GSM3972026","Public on Aug 29 2019","Jul 24 2019","Aug 30 2019","SRA","1","Surgical resection","Homo sapiens","tissue: ileal","status: Involved","10x chemistry: V2","Lamina prorpia single cell suspensions were prepared from surgically resected inflamed or uninflamed ileum from Crohn's disease patients. Fifteen to twenty mucosal biopsies sampled all along the resected specimens using a biopsy forceps (EndoChoice, Alpharetta, GA). Epithelial cells were dissociated by incubating the biopsies in an EDTA-enriched dissociation medium (HBSS w/o Ca2+ Mg2+ (Life Technologies, Carlsbad, CA) - HEPES 10mM (Life Technologies) - EDTA 5mM (Life Technologies)) at +37oC under 100 rpm agitation for two cycles of 15 minutes. After each cycle, biopsies were hand-shaken for 30s and then vortexed vigorously for another 30s. Biopsies were then washed in complete RPMI media previously put at RT, and transferred in digestion medium (HBSS with Ca2+ Mg2+ - FCS 2% - DNase I 0.5mg/ml (Sigma-Aldrich, St. Louis, MO) – Collagenase IV 0.5mg/ml (Sigma-Aldrich)) for 40 minutes at +37oC under 100 rpm agitation. After digestion, the cell suspension was filtered through a 70mm cell strainer, washed in DBPS/ 2% FCS/ 1mM EDTA and spun down at 400g for 10 minutes. After red blood cell lysis (BioLegend, San Diego, CA), cells were washed as before. Dead cells were depleted from the suspension using the dead cell depletion kit (Miltenyi Biotec, Bergisch Gladbach, Germany), following manufacturer’s recommendations. Viability of the final cell suspension was calculated using a hemocytometer and Trypan blue (Corning) exclusion and was routinely > 85%.","total RNA","10X genomics V1 or V2 protocol following manufacturer recommendations","10x Genomics Library Kits","","9606","FASTQ were demultiplexed using Cell Ranger v2.0 and aligned to the Grch38 human","Cell barcodes and unique molecular identifiers (UMIs) were extracted and “Raw” UMI matrix generated for each sample","extracted cell-barcodes associated with at least 800 UMIs from the “Raw” output UMI matrices of CellRanger","Epithelial cells, Red blood cells and cell-barcodess associated with high mitochondrial mRNA content were excluded by """"in-silico"""" gating precedure which computes that fractoin of UMIs assocated with each gene signature. Thresholds and genes lists are detailed in the manuscripts.","Genome_build: Grch38","GPL18573","Mamta,,Giri","mamta.giri@mssm.edu","Cho lab","Institute of Personalized medicine","Mount Sinai hospital","1470 madison ave","new york","new york","10029","USA","0","Illumina NextSeq 500","cDNA","transcriptomic","RNA-Seq","BioSample: https://www.ncbi.nlm.nih.gov/biosample/SAMN12356568","SRA: https://www.ncbi.nlm.nih.gov/sra?term=SRX6584269","ftp://ftp.ncbi.nlm.nih.gov/geo/samples/GSM3972nnn/GSM3972026/suppl/GSM3972026_193_barcodes.tsv.gz","ftp://ftp.ncbi.nlm.nih.gov/geo/samples/GSM3972nnn/GSM3972026/suppl/GSM3972026_193_genes.tsv.gz","ftp://ftp.ncbi.nlm.nih.gov/geo/samples/GSM3972nnn/GSM3972026/suppl/GSM3972026_193_matrix.mtx.gz","V2",NA,"Involved","ileal"
"GSM3972027","Ileal Uninvolved 195","GSM3972027","Public on Aug 29 2019","Jul 24 2019","Aug 30 2019","SRA","1","Surgical resection","Homo sapiens","tissue: ileal","status: Uninvolved","10x chemistry: V2","Lamina prorpia single cell suspensions were prepared from surgically resected inflamed or uninflamed ileum from Crohn's disease patients. Fifteen to twenty mucosal biopsies sampled all along the resected specimens using a biopsy forceps (EndoChoice, Alpharetta, GA). Epithelial cells were dissociated by incubating the biopsies in an EDTA-enriched dissociation medium (HBSS w/o Ca2+ Mg2+ (Life Technologies, Carlsbad, CA) - HEPES 10mM (Life Technologies) - EDTA 5mM (Life Technologies)) at +37oC under 100 rpm agitation for two cycles of 15 minutes. After each cycle, biopsies were hand-shaken for 30s and then vortexed vigorously for another 30s. Biopsies were then washed in complete RPMI media previously put at RT, and transferred in digestion medium (HBSS with Ca2+ Mg2+ - FCS 2% - DNase I 0.5mg/ml (Sigma-Aldrich, St. Louis, MO) – Collagenase IV 0.5mg/ml (Sigma-Aldrich)) for 40 minutes at +37oC under 100 rpm agitation. After digestion, the cell suspension was filtered through a 70mm cell strainer, washed in DBPS/ 2% FCS/ 1mM EDTA and spun down at 400g for 10 minutes. After red blood cell lysis (BioLegend, San Diego, CA), cells were washed as before. Dead cells were depleted from the suspension using the dead cell depletion kit (Miltenyi Biotec, Bergisch Gladbach, Germany), following manufacturer’s recommendations. Viability of the final cell suspension was calculated using a hemocytometer and Trypan blue (Corning) exclusion and was routinely > 85%.","total RNA","10X genomics V1 or V2 protocol following manufacturer recommendations","10x Genomics Library Kits","","9606","FASTQ were demultiplexed using Cell Ranger v2.0 and aligned to the Grch38 human","Cell barcodes and unique molecular identifiers (UMIs) were extracted and “Raw” UMI matrix generated for each sample","extracted cell-barcodes associated with at least 800 UMIs from the “Raw” output UMI matrices of CellRanger","Epithelial cells, Red blood cells and cell-barcodess associated with high mitochondrial mRNA content were excluded by """"in-silico"""" gating precedure which computes that fractoin of UMIs assocated with each gene signature. Thresholds and genes lists are detailed in the manuscripts.","Genome_build: Grch38","GPL18573","Mamta,,Giri","mamta.giri@mssm.edu","Cho lab","Institute of Personalized medicine","Mount Sinai hospital","1470 madison ave","new york","new york","10029","USA","0","Illumina NextSeq 500","cDNA","transcriptomic","RNA-Seq","BioSample: https://www.ncbi.nlm.nih.gov/biosample/SAMN12356589","SRA: https://www.ncbi.nlm.nih.gov/sra?term=SRX6584270","ftp://ftp.ncbi.nlm.nih.gov/geo/samples/GSM3972nnn/GSM3972027/suppl/GSM3972027_195_barcodes.tsv.gz","ftp://ftp.ncbi.nlm.nih.gov/geo/samples/GSM3972nnn/GSM3972027/suppl/GSM3972027_195_genes.tsv.gz","ftp://ftp.ncbi.nlm.nih.gov/geo/samples/GSM3972nnn/GSM3972027/suppl/GSM3972027_195_matrix.mtx.gz","V2",NA,"Uninvolved","ileal"
"GSM3972028","Ileal Involved 196","GSM3972028","Public on Aug 29 2019","Jul 24 2019","Aug 30 2019","SRA","1","Surgical resection","Homo sapiens","tissue: ileal","status: Involved","10x chemistry: V2","Lamina prorpia single cell suspensions were prepared from surgically resected inflamed or uninflamed ileum from Crohn's disease patients. Fifteen to twenty mucosal biopsies sampled all along the resected specimens using a biopsy forceps (EndoChoice, Alpharetta, GA). Epithelial cells were dissociated by incubating the biopsies in an EDTA-enriched dissociation medium (HBSS w/o Ca2+ Mg2+ (Life Technologies, Carlsbad, CA) - HEPES 10mM (Life Technologies) - EDTA 5mM (Life Technologies)) at +37oC under 100 rpm agitation for two cycles of 15 minutes. After each cycle, biopsies were hand-shaken for 30s and then vortexed vigorously for another 30s. Biopsies were then washed in complete RPMI media previously put at RT, and transferred in digestion medium (HBSS with Ca2+ Mg2+ - FCS 2% - DNase I 0.5mg/ml (Sigma-Aldrich, St. Louis, MO) – Collagenase IV 0.5mg/ml (Sigma-Aldrich)) for 40 minutes at +37oC under 100 rpm agitation. After digestion, the cell suspension was filtered through a 70mm cell strainer, washed in DBPS/ 2% FCS/ 1mM EDTA and spun down at 400g for 10 minutes. After red blood cell lysis (BioLegend, San Diego, CA), cells were washed as before. Dead cells were depleted from the suspension using the dead cell depletion kit (Miltenyi Biotec, Bergisch Gladbach, Germany), following manufacturer’s recommendations. Viability of the final cell suspension was calculated using a hemocytometer and Trypan blue (Corning) exclusion and was routinely > 85%.","total RNA","10X genomics V1 or V2 protocol following manufacturer recommendations","10x Genomics Library Kits","","9606","FASTQ were demultiplexed using Cell Ranger v2.0 and aligned to the Grch38 human","Cell barcodes and unique molecular identifiers (UMIs) were extracted and “Raw” UMI matrix generated for each sample","extracted cell-barcodes associated with at least 800 UMIs from the “Raw” output UMI matrices of CellRanger","Epithelial cells, Red blood cells and cell-barcodess associated with high mitochondrial mRNA content were excluded by """"in-silico"""" gating precedure which computes that fractoin of UMIs assocated with each gene signature. Thresholds and genes lists are detailed in the manuscripts.","Genome_build: Grch38","GPL18573","Mamta,,Giri","mamta.giri@mssm.edu","Cho lab","Institute of Personalized medicine","Mount Sinai hospital","1470 madison ave","new york","new york","10029","USA","0","Illumina NextSeq 500","cDNA","transcriptomic","RNA-Seq","BioSample: https://www.ncbi.nlm.nih.gov/biosample/SAMN12356588","SRA: https://www.ncbi.nlm.nih.gov/sra?term=SRX6584271","ftp://ftp.ncbi.nlm.nih.gov/geo/samples/GSM3972nnn/GSM3972028/suppl/GSM3972028_196_barcodes.tsv.gz","ftp://ftp.ncbi.nlm.nih.gov/geo/samples/GSM3972nnn/GSM3972028/suppl/GSM3972028_196_genes.tsv.gz","ftp://ftp.ncbi.nlm.nih.gov/geo/samples/GSM3972nnn/GSM3972028/suppl/GSM3972028_196_matrix.mtx.gz","V2",NA,"Involved","ileal"
"GSM3972029","Ileal Uninvolved 208","GSM3972029","Public on Aug 29 2019","Jul 24 2019","Aug 30 2019","SRA","1","Surgical resection","Homo sapiens","tissue: ileal","status: Uninvolved","10x chemistry: V2","Lamina prorpia single cell suspensions were prepared from surgically resected inflamed or uninflamed ileum from Crohn's disease patients. Fifteen to twenty mucosal biopsies sampled all along the resected specimens using a biopsy forceps (EndoChoice, Alpharetta, GA). Epithelial cells were dissociated by incubating the biopsies in an EDTA-enriched dissociation medium (HBSS w/o Ca2+ Mg2+ (Life Technologies, Carlsbad, CA) - HEPES 10mM (Life Technologies) - EDTA 5mM (Life Technologies)) at +37oC under 100 rpm agitation for two cycles of 15 minutes. After each cycle, biopsies were hand-shaken for 30s and then vortexed vigorously for another 30s. Biopsies were then washed in complete RPMI media previously put at RT, and transferred in digestion medium (HBSS with Ca2+ Mg2+ - FCS 2% - DNase I 0.5mg/ml (Sigma-Aldrich, St. Louis, MO) – Collagenase IV 0.5mg/ml (Sigma-Aldrich)) for 40 minutes at +37oC under 100 rpm agitation. After digestion, the cell suspension was filtered through a 70mm cell strainer, washed in DBPS/ 2% FCS/ 1mM EDTA and spun down at 400g for 10 minutes. After red blood cell lysis (BioLegend, San Diego, CA), cells were washed as before. Dead cells were depleted from the suspension using the dead cell depletion kit (Miltenyi Biotec, Bergisch Gladbach, Germany), following manufacturer’s recommendations. Viability of the final cell suspension was calculated using a hemocytometer and Trypan blue (Corning) exclusion and was routinely > 85%.","total RNA","10X genomics V1 or V2 protocol following manufacturer recommendations","10x Genomics Library Kits","","9606","FASTQ were demultiplexed using Cell Ranger v2.0 and aligned to the Grch38 human","Cell barcodes and unique molecular identifiers (UMIs) were extracted and “Raw” UMI matrix generated for each sample","extracted cell-barcodes associated with at least 800 UMIs from the “Raw” output UMI matrices of CellRanger","Epithelial cells, Red blood cells and cell-barcodess associated with high mitochondrial mRNA content were excluded by """"in-silico"""" gating precedure which computes that fractoin of UMIs assocated with each gene signature. Thresholds and genes lists are detailed in the manuscripts.","Genome_build: Grch38","GPL18573","Mamta,,Giri","mamta.giri@mssm.edu","Cho lab","Institute of Personalized medicine","Mount Sinai hospital","1470 madison ave","new york","new york","10029","USA","0","Illumina NextSeq 500","cDNA","transcriptomic","RNA-Seq","BioSample: https://www.ncbi.nlm.nih.gov/biosample/SAMN12356587","SRA: https://www.ncbi.nlm.nih.gov/sra?term=SRX6584272","ftp://ftp.ncbi.nlm.nih.gov/geo/samples/GSM3972nnn/GSM3972029/suppl/GSM3972029_208_barcodes.tsv.gz","ftp://ftp.ncbi.nlm.nih.gov/geo/samples/GSM3972nnn/GSM3972029/suppl/GSM3972029_208_genes.tsv.gz","ftp://ftp.ncbi.nlm.nih.gov/geo/samples/GSM3972nnn/GSM3972029/suppl/GSM3972029_208_matrix.mtx.gz","V2",NA,"Uninvolved","ileal"
"GSM3972030","Ileal Involved 209","GSM3972030","Public on Aug 29 2019","Jul 24 2019","Aug 30 2019","SRA","1","Surgical resection","Homo sapiens","tissue: ileal","status: Involved","10x chemistry: V2","Lamina prorpia single cell suspensions were prepared from surgically resected inflamed or uninflamed ileum from Crohn's disease patients. Fifteen to twenty mucosal biopsies sampled all along the resected specimens using a biopsy forceps (EndoChoice, Alpharetta, GA). Epithelial cells were dissociated by incubating the biopsies in an EDTA-enriched dissociation medium (HBSS w/o Ca2+ Mg2+ (Life Technologies, Carlsbad, CA) - HEPES 10mM (Life Technologies) - EDTA 5mM (Life Technologies)) at +37oC under 100 rpm agitation for two cycles of 15 minutes. After each cycle, biopsies were hand-shaken for 30s and then vortexed vigorously for another 30s. Biopsies were then washed in complete RPMI media previously put at RT, and transferred in digestion medium (HBSS with Ca2+ Mg2+ - FCS 2% - DNase I 0.5mg/ml (Sigma-Aldrich, St. Louis, MO) – Collagenase IV 0.5mg/ml (Sigma-Aldrich)) for 40 minutes at +37oC under 100 rpm agitation. After digestion, the cell suspension was filtered through a 70mm cell strainer, washed in DBPS/ 2% FCS/ 1mM EDTA and spun down at 400g for 10 minutes. After red blood cell lysis (BioLegend, San Diego, CA), cells were washed as before. Dead cells were depleted from the suspension using the dead cell depletion kit (Miltenyi Biotec, Bergisch Gladbach, Germany), following manufacturer’s recommendations. Viability of the final cell suspension was calculated using a hemocytometer and Trypan blue (Corning) exclusion and was routinely > 85%.","total RNA","10X genomics V1 or V2 protocol following manufacturer recommendations","10x Genomics Library Kits","","9606","FASTQ were demultiplexed using Cell Ranger v2.0 and aligned to the Grch38 human","Cell barcodes and unique molecular identifiers (UMIs) were extracted and “Raw” UMI matrix generated for each sample","extracted cell-barcodes associated with at least 800 UMIs from the “Raw” output UMI matrices of CellRanger","Epithelial cells, Red blood cells and cell-barcodess associated with high mitochondrial mRNA content were excluded by """"in-silico"""" gating precedure which computes that fractoin of UMIs assocated with each gene signature. Thresholds and genes lists are detailed in the manuscripts.","Genome_build: Grch38","GPL18573","Mamta,,Giri","mamta.giri@mssm.edu","Cho lab","Institute of Personalized medicine","Mount Sinai hospital","1470 madison ave","new york","new york","10029","USA","0","Illumina NextSeq 500","cDNA","transcriptomic","RNA-Seq","BioSample: https://www.ncbi.nlm.nih.gov/biosample/SAMN12356586","SRA: https://www.ncbi.nlm.nih.gov/sra?term=SRX6584273","ftp://ftp.ncbi.nlm.nih.gov/geo/samples/GSM3972nnn/GSM3972030/suppl/GSM3972030_209_barcodes.tsv.gz","ftp://ftp.ncbi.nlm.nih.gov/geo/samples/GSM3972nnn/GSM3972030/suppl/GSM3972030_209_genes.tsv.gz","ftp://ftp.ncbi.nlm.nih.gov/geo/samples/GSM3972nnn/GSM3972030/suppl/GSM3972030_209_matrix.mtx.gz","V2",NA,"Involved","ileal"
"GSM4761136","67; PBMC","GSM4761136","Public on Sep 02 2020","Sep 01 2020","Sep 02 2020","SRA","1","PBMC","Homo sapiens","patient id: 67","tissue: Blood","10x chemistry: V1","Lamina prorpia single cell suspensions were prepared from PBMC from Crohn's disease patients. Fifteen to twenty mucosal biopsies sampled all along the resected specimens using a biopsy forceps (EndoChoice, Alpharetta, GA). Epithelial cells were dissociated by incubating the biopsies in an EDTA-enriched dissociation medium (HBSS w/o Ca2+ Mg2+ (Life Technologies, Carlsbad, CA) - HEPES 10mM (Life Technologies) - EDTA 5mM (Life Technologies)) at +37oC under 100 rpm agitation for two cycles of 15 minutes. After each cycle, biopsies were hand-shaken for 30s and then vortexed vigorously for another 30s. Biopsies were then washed in complete RPMI media previously put at RT, and transferred in digestion medium (HBSS with Ca2+ Mg2+ - FCS 2% - DNase I 0.5mg/ml (Sigma-Aldrich, St. Louis, MO) – Collagenase IV 0.5mg/ml (Sigma-Aldrich)) for 40 minutes at +37oC under 100 rpm agitation. After digestion, the cell suspension was filtered through a 70mm cell strainer, washed in DBPS/ 2% FCS/ 1mM EDTA and spun down at 400g for 10 minutes. After red blood cell lysis (BioLegend, San Diego, CA), cells were washed as before. Dead cells were depleted from the suspension using the dead cell depletion kit (Miltenyi Biotec, Bergisch Gladbach, Germany), following manufacturer’s recommendations. Viability of the final cell suspension was calculated using a hemocytometer and Trypan blue (Corning) exclusion and was routinely > 85%.","total RNA","10X genomics V1 or V2 protocol following manufacturer recommendations","10x Genomics Library Kits","Single-cell RNA-sequencing","9606","FASTQ were demultiplexed using Cell Ranger v2.0 and aligned to the Grch38 human","Cell barcodes and unique molecular identifiers (UMIs) were extracted and “Raw” UMI matrix generated for each sample","extracted cell-barcodes associated with at least 800 UMIs from the “Raw” output UMI matrices of CellRanger","Epithelial cells, Red blood cells and cell-barcodess associated with high mitochondrial mRNA content were excluded by """"in-silico"""" gating precedure which computes that fractoin of UMIs assocated with each gene signature. Thresholds and genes lists are detailed in the manuscripts.","Genome_build: Grch38","GPL18573","Mamta,,Giri","mamta.giri@mssm.edu","Cho lab","Institute of Personalized medicine","Mount Sinai hospital","1470 madison ave","new york","new york","10029","USA","0","Illumina NextSeq 500","cDNA","transcriptomic","RNA-Seq","BioSample: https://www.ncbi.nlm.nih.gov/biosample/SAMN15960933","SRA: https://www.ncbi.nlm.nih.gov/sra?term=SRX9053446","ftp://ftp.ncbi.nlm.nih.gov/geo/samples/GSM4761nnn/GSM4761136/suppl/GSM4761136_67_barcodes.tsv.gz","ftp://ftp.ncbi.nlm.nih.gov/geo/samples/GSM4761nnn/GSM4761136/suppl/GSM4761136_67_genes.tsv.gz","ftp://ftp.ncbi.nlm.nih.gov/geo/samples/GSM4761nnn/GSM4761136/suppl/GSM4761136_67_matrix.mtx.gz","V1","67",NA,"Blood"
"GSM4761137","126; PBMC","GSM4761137","Public on Sep 02 2020","Sep 01 2020","Sep 02 2020","SRA","1","PBMC","Homo sapiens","patient id: 126","tissue: Blood","10x chemistry: V2","Lamina prorpia single cell suspensions were prepared from PBMC from Crohn's disease patients. Fifteen to twenty mucosal biopsies sampled all along the resected specimens using a biopsy forceps (EndoChoice, Alpharetta, GA). Epithelial cells were dissociated by incubating the biopsies in an EDTA-enriched dissociation medium (HBSS w/o Ca2+ Mg2+ (Life Technologies, Carlsbad, CA) - HEPES 10mM (Life Technologies) - EDTA 5mM (Life Technologies)) at +37oC under 100 rpm agitation for two cycles of 15 minutes. After each cycle, biopsies were hand-shaken for 30s and then vortexed vigorously for another 30s. Biopsies were then washed in complete RPMI media previously put at RT, and transferred in digestion medium (HBSS with Ca2+ Mg2+ - FCS 2% - DNase I 0.5mg/ml (Sigma-Aldrich, St. Louis, MO) – Collagenase IV 0.5mg/ml (Sigma-Aldrich)) for 40 minutes at +37oC under 100 rpm agitation. After digestion, the cell suspension was filtered through a 70mm cell strainer, washed in DBPS/ 2% FCS/ 1mM EDTA and spun down at 400g for 10 minutes. After red blood cell lysis (BioLegend, San Diego, CA), cells were washed as before. Dead cells were depleted from the suspension using the dead cell depletion kit (Miltenyi Biotec, Bergisch Gladbach, Germany), following manufacturer’s recommendations. Viability of the final cell suspension was calculated using a hemocytometer and Trypan blue (Corning) exclusion and was routinely > 85%.","total RNA","10X genomics V1 or V2 protocol following manufacturer recommendations","10x Genomics Library Kits","Single-cell RNA-sequencing","9606","FASTQ were demultiplexed using Cell Ranger v2.0 and aligned to the Grch38 human","Cell barcodes and unique molecular identifiers (UMIs) were extracted and “Raw” UMI matrix generated for each sample","extracted cell-barcodes associated with at least 800 UMIs from the “Raw” output UMI matrices of CellRanger","Epithelial cells, Red blood cells and cell-barcodess associated with high mitochondrial mRNA content were excluded by """"in-silico"""" gating precedure which computes that fractoin of UMIs assocated with each gene signature. Thresholds and genes lists are detailed in the manuscripts.","Genome_build: Grch38","GPL18573","Mamta,,Giri","mamta.giri@mssm.edu","Cho lab","Institute of Personalized medicine","Mount Sinai hospital","1470 madison ave","new york","new york","10029","USA","0","Illumina NextSeq 500","cDNA","transcriptomic","RNA-Seq","BioSample: https://www.ncbi.nlm.nih.gov/biosample/SAMN15960932","SRA: https://www.ncbi.nlm.nih.gov/sra?term=SRX9053447","ftp://ftp.ncbi.nlm.nih.gov/geo/samples/GSM4761nnn/GSM4761137/suppl/GSM4761137_126_barcodes.tsv.gz","ftp://ftp.ncbi.nlm.nih.gov/geo/samples/GSM4761nnn/GSM4761137/suppl/GSM4761137_126_genes.tsv.gz","ftp://ftp.ncbi.nlm.nih.gov/geo/samples/GSM4761nnn/GSM4761137/suppl/GSM4761137_126_matrix.mtx.gz","V2","126",NA,"Blood"
"GSM4761138","127; PBMC","GSM4761138","Public on Sep 02 2020","Sep 01 2020","Sep 02 2020","SRA","1","PBMC","Homo sapiens","patient id: 127","tissue: Blood","10x chemistry: V2","Lamina prorpia single cell suspensions were prepared from PBMC from Crohn's disease patients. Fifteen to twenty mucosal biopsies sampled all along the resected specimens using a biopsy forceps (EndoChoice, Alpharetta, GA). Epithelial cells were dissociated by incubating the biopsies in an EDTA-enriched dissociation medium (HBSS w/o Ca2+ Mg2+ (Life Technologies, Carlsbad, CA) - HEPES 10mM (Life Technologies) - EDTA 5mM (Life Technologies)) at +37oC under 100 rpm agitation for two cycles of 15 minutes. After each cycle, biopsies were hand-shaken for 30s and then vortexed vigorously for another 30s. Biopsies were then washed in complete RPMI media previously put at RT, and transferred in digestion medium (HBSS with Ca2+ Mg2+ - FCS 2% - DNase I 0.5mg/ml (Sigma-Aldrich, St. Louis, MO) – Collagenase IV 0.5mg/ml (Sigma-Aldrich)) for 40 minutes at +37oC under 100 rpm agitation. After digestion, the cell suspension was filtered through a 70mm cell strainer, washed in DBPS/ 2% FCS/ 1mM EDTA and spun down at 400g for 10 minutes. After red blood cell lysis (BioLegend, San Diego, CA), cells were washed as before. Dead cells were depleted from the suspension using the dead cell depletion kit (Miltenyi Biotec, Bergisch Gladbach, Germany), following manufacturer’s recommendations. Viability of the final cell suspension was calculated using a hemocytometer and Trypan blue (Corning) exclusion and was routinely > 85%.","total RNA","10X genomics V1 or V2 protocol following manufacturer recommendations","10x Genomics Library Kits","Single-cell RNA-sequencing","9606","FASTQ were demultiplexed using Cell Ranger v2.0 and aligned to the Grch38 human","Cell barcodes and unique molecular identifiers (UMIs) were extracted and “Raw” UMI matrix generated for each sample","extracted cell-barcodes associated with at least 800 UMIs from the “Raw” output UMI matrices of CellRanger","Epithelial cells, Red blood cells and cell-barcodess associated with high mitochondrial mRNA content were excluded by """"in-silico"""" gating precedure which computes that fractoin of UMIs assocated with each gene signature. Thresholds and genes lists are detailed in the manuscripts.","Genome_build: Grch38","GPL18573","Mamta,,Giri","mamta.giri@mssm.edu","Cho lab","Institute of Personalized medicine","Mount Sinai hospital","1470 madison ave","new york","new york","10029","USA","0","Illumina NextSeq 500","cDNA","transcriptomic","RNA-Seq","BioSample: https://www.ncbi.nlm.nih.gov/biosample/SAMN15960931","SRA: https://www.ncbi.nlm.nih.gov/sra?term=SRX9053448","ftp://ftp.ncbi.nlm.nih.gov/geo/samples/GSM4761nnn/GSM4761138/suppl/GSM4761138_127_barcodes.tsv.gz","ftp://ftp.ncbi.nlm.nih.gov/geo/samples/GSM4761nnn/GSM4761138/suppl/GSM4761138_127_genes.tsv.gz","ftp://ftp.ncbi.nlm.nih.gov/geo/samples/GSM4761nnn/GSM4761138/suppl/GSM4761138_127_matrix.mtx.gz","V2","127",NA,"Blood"
"GSM4761139","134; PBMC","GSM4761139","Public on Sep 02 2020","Sep 01 2020","Sep 02 2020","SRA","1","PBMC","Homo sapiens","patient id: 134","tissue: Blood","10x chemistry: V2","Lamina prorpia single cell suspensions were prepared from PBMC from Crohn's disease patients. Fifteen to twenty mucosal biopsies sampled all along the resected specimens using a biopsy forceps (EndoChoice, Alpharetta, GA). Epithelial cells were dissociated by incubating the biopsies in an EDTA-enriched dissociation medium (HBSS w/o Ca2+ Mg2+ (Life Technologies, Carlsbad, CA) - HEPES 10mM (Life Technologies) - EDTA 5mM (Life Technologies)) at +37oC under 100 rpm agitation for two cycles of 15 minutes. After each cycle, biopsies were hand-shaken for 30s and then vortexed vigorously for another 30s. Biopsies were then washed in complete RPMI media previously put at RT, and transferred in digestion medium (HBSS with Ca2+ Mg2+ - FCS 2% - DNase I 0.5mg/ml (Sigma-Aldrich, St. Louis, MO) – Collagenase IV 0.5mg/ml (Sigma-Aldrich)) for 40 minutes at +37oC under 100 rpm agitation. After digestion, the cell suspension was filtered through a 70mm cell strainer, washed in DBPS/ 2% FCS/ 1mM EDTA and spun down at 400g for 10 minutes. After red blood cell lysis (BioLegend, San Diego, CA), cells were washed as before. Dead cells were depleted from the suspension using the dead cell depletion kit (Miltenyi Biotec, Bergisch Gladbach, Germany), following manufacturer’s recommendations. Viability of the final cell suspension was calculated using a hemocytometer and Trypan blue (Corning) exclusion and was routinely > 85%.","total RNA","10X genomics V1 or V2 protocol following manufacturer recommendations","10x Genomics Library Kits","Single-cell RNA-sequencing","9606","FASTQ were demultiplexed using Cell Ranger v2.0 and aligned to the Grch38 human","Cell barcodes and unique molecular identifiers (UMIs) were extracted and “Raw” UMI matrix generated for each sample","extracted cell-barcodes associated with at least 800 UMIs from the “Raw” output UMI matrices of CellRanger","Epithelial cells, Red blood cells and cell-barcodess associated with high mitochondrial mRNA content were excluded by """"in-silico"""" gating precedure which computes that fractoin of UMIs assocated with each gene signature. Thresholds and genes lists are detailed in the manuscripts.","Genome_build: Grch38","GPL18573","Mamta,,Giri","mamta.giri@mssm.edu","Cho lab","Institute of Personalized medicine","Mount Sinai hospital","1470 madison ave","new york","new york","10029","USA","0","Illumina NextSeq 500","cDNA","transcriptomic","RNA-Seq","BioSample: https://www.ncbi.nlm.nih.gov/biosample/SAMN15960939","SRA: https://www.ncbi.nlm.nih.gov/sra?term=SRX9053449","ftp://ftp.ncbi.nlm.nih.gov/geo/samples/GSM4761nnn/GSM4761139/suppl/GSM4761139_134_barcodes.tsv.gz","ftp://ftp.ncbi.nlm.nih.gov/geo/samples/GSM4761nnn/GSM4761139/suppl/GSM4761139_134_genes.tsv.gz","ftp://ftp.ncbi.nlm.nih.gov/geo/samples/GSM4761nnn/GSM4761139/suppl/GSM4761139_134_matrix.mtx.gz","V2","134",NA,"Blood"
"GSM4761140","157; PBMC","GSM4761140","Public on Sep 02 2020","Sep 01 2020","Sep 02 2020","SRA","1","PBMC","Homo sapiens","patient id: 157","tissue: Blood","10x chemistry: V2","Lamina prorpia single cell suspensions were prepared from PBMC from Crohn's disease patients. Fifteen to twenty mucosal biopsies sampled all along the resected specimens using a biopsy forceps (EndoChoice, Alpharetta, GA). Epithelial cells were dissociated by incubating the biopsies in an EDTA-enriched dissociation medium (HBSS w/o Ca2+ Mg2+ (Life Technologies, Carlsbad, CA) - HEPES 10mM (Life Technologies) - EDTA 5mM (Life Technologies)) at +37oC under 100 rpm agitation for two cycles of 15 minutes. After each cycle, biopsies were hand-shaken for 30s and then vortexed vigorously for another 30s. Biopsies were then washed in complete RPMI media previously put at RT, and transferred in digestion medium (HBSS with Ca2+ Mg2+ - FCS 2% - DNase I 0.5mg/ml (Sigma-Aldrich, St. Louis, MO) – Collagenase IV 0.5mg/ml (Sigma-Aldrich)) for 40 minutes at +37oC under 100 rpm agitation. After digestion, the cell suspension was filtered through a 70mm cell strainer, washed in DBPS/ 2% FCS/ 1mM EDTA and spun down at 400g for 10 minutes. After red blood cell lysis (BioLegend, San Diego, CA), cells were washed as before. Dead cells were depleted from the suspension using the dead cell depletion kit (Miltenyi Biotec, Bergisch Gladbach, Germany), following manufacturer’s recommendations. Viability of the final cell suspension was calculated using a hemocytometer and Trypan blue (Corning) exclusion and was routinely > 85%.","total RNA","10X genomics V1 or V2 protocol following manufacturer recommendations","10x Genomics Library Kits","Single-cell RNA-sequencing","9606","FASTQ were demultiplexed using Cell Ranger v2.0 and aligned to the Grch38 human","Cell barcodes and unique molecular identifiers (UMIs) were extracted and “Raw” UMI matrix generated for each sample","extracted cell-barcodes associated with at least 800 UMIs from the “Raw” output UMI matrices of CellRanger","Epithelial cells, Red blood cells and cell-barcodess associated with high mitochondrial mRNA content were excluded by """"in-silico"""" gating precedure which computes that fractoin of UMIs assocated with each gene signature. Thresholds and genes lists are detailed in the manuscripts.","Genome_build: Grch38","GPL18573","Mamta,,Giri","mamta.giri@mssm.edu","Cho lab","Institute of Personalized medicine","Mount Sinai hospital","1470 madison ave","new york","new york","10029","USA","0","Illumina NextSeq 500","cDNA","transcriptomic","RNA-Seq","BioSample: https://www.ncbi.nlm.nih.gov/biosample/SAMN15960935","SRA: https://www.ncbi.nlm.nih.gov/sra?term=SRX9053450","ftp://ftp.ncbi.nlm.nih.gov/geo/samples/GSM4761nnn/GSM4761140/suppl/GSM4761140_157_barcodes.tsv.gz","ftp://ftp.ncbi.nlm.nih.gov/geo/samples/GSM4761nnn/GSM4761140/suppl/GSM4761140_157_genes.tsv.gz","ftp://ftp.ncbi.nlm.nih.gov/geo/samples/GSM4761nnn/GSM4761140/suppl/GSM4761140_157_matrix.mtx.gz","V2","157",NA,"Blood"
"GSM4761141","179; PBMC","GSM4761141","Public on Sep 02 2020","Sep 01 2020","Sep 02 2020","SRA","1","PBMC","Homo sapiens","patient id: 179","tissue: Blood","10x chemistry: V2","Lamina prorpia single cell suspensions were prepared from PBMC from Crohn's disease patients. Fifteen to twenty mucosal biopsies sampled all along the resected specimens using a biopsy forceps (EndoChoice, Alpharetta, GA). Epithelial cells were dissociated by incubating the biopsies in an EDTA-enriched dissociation medium (HBSS w/o Ca2+ Mg2+ (Life Technologies, Carlsbad, CA) - HEPES 10mM (Life Technologies) - EDTA 5mM (Life Technologies)) at +37oC under 100 rpm agitation for two cycles of 15 minutes. After each cycle, biopsies were hand-shaken for 30s and then vortexed vigorously for another 30s. Biopsies were then washed in complete RPMI media previously put at RT, and transferred in digestion medium (HBSS with Ca2+ Mg2+ - FCS 2% - DNase I 0.5mg/ml (Sigma-Aldrich, St. Louis, MO) – Collagenase IV 0.5mg/ml (Sigma-Aldrich)) for 40 minutes at +37oC under 100 rpm agitation. After digestion, the cell suspension was filtered through a 70mm cell strainer, washed in DBPS/ 2% FCS/ 1mM EDTA and spun down at 400g for 10 minutes. After red blood cell lysis (BioLegend, San Diego, CA), cells were washed as before. Dead cells were depleted from the suspension using the dead cell depletion kit (Miltenyi Biotec, Bergisch Gladbach, Germany), following manufacturer’s recommendations. Viability of the final cell suspension was calculated using a hemocytometer and Trypan blue (Corning) exclusion and was routinely > 85%.","total RNA","10X genomics V1 or V2 protocol following manufacturer recommendations","10x Genomics Library Kits","Single-cell RNA-sequencing","9606","FASTQ were demultiplexed using Cell Ranger v2.0 and aligned to the Grch38 human","Cell barcodes and unique molecular identifiers (UMIs) were extracted and “Raw” UMI matrix generated for each sample","extracted cell-barcodes associated with at least 800 UMIs from the “Raw” output UMI matrices of CellRanger","Epithelial cells, Red blood cells and cell-barcodess associated with high mitochondrial mRNA content were excluded by """"in-silico"""" gating precedure which computes that fractoin of UMIs assocated with each gene signature. Thresholds and genes lists are detailed in the manuscripts.","Genome_build: Grch38","GPL18573","Mamta,,Giri","mamta.giri@mssm.edu","Cho lab","Institute of Personalized medicine","Mount Sinai hospital","1470 madison ave","new york","new york","10029","USA","0","Illumina NextSeq 500","cDNA","transcriptomic","RNA-Seq","BioSample: https://www.ncbi.nlm.nih.gov/biosample/SAMN15960934","SRA: https://www.ncbi.nlm.nih.gov/sra?term=SRX9053451","ftp://ftp.ncbi.nlm.nih.gov/geo/samples/GSM4761nnn/GSM4761141/suppl/GSM4761141_179_barcodes.tsv.gz","ftp://ftp.ncbi.nlm.nih.gov/geo/samples/GSM4761nnn/GSM4761141/suppl/GSM4761141_179_genes.tsv.gz","ftp://ftp.ncbi.nlm.nih.gov/geo/samples/GSM4761nnn/GSM4761141/suppl/GSM4761141_179_matrix.mtx.gz","V2","179",NA,"Blood"
"GSM4761142","185; PBMC","GSM4761142","Public on Sep 02 2020","Sep 01 2020","Sep 02 2020","SRA","1","PBMC","Homo sapiens","patient id: 185","tissue: Blood","10x chemistry: V2","Lamina prorpia single cell suspensions were prepared from PBMC from Crohn's disease patients. Fifteen to twenty mucosal biopsies sampled all along the resected specimens using a biopsy forceps (EndoChoice, Alpharetta, GA). Epithelial cells were dissociated by incubating the biopsies in an EDTA-enriched dissociation medium (HBSS w/o Ca2+ Mg2+ (Life Technologies, Carlsbad, CA) - HEPES 10mM (Life Technologies) - EDTA 5mM (Life Technologies)) at +37oC under 100 rpm agitation for two cycles of 15 minutes. After each cycle, biopsies were hand-shaken for 30s and then vortexed vigorously for another 30s. Biopsies were then washed in complete RPMI media previously put at RT, and transferred in digestion medium (HBSS with Ca2+ Mg2+ - FCS 2% - DNase I 0.5mg/ml (Sigma-Aldrich, St. Louis, MO) – Collagenase IV 0.5mg/ml (Sigma-Aldrich)) for 40 minutes at +37oC under 100 rpm agitation. After digestion, the cell suspension was filtered through a 70mm cell strainer, washed in DBPS/ 2% FCS/ 1mM EDTA and spun down at 400g for 10 minutes. After red blood cell lysis (BioLegend, San Diego, CA), cells were washed as before. Dead cells were depleted from the suspension using the dead cell depletion kit (Miltenyi Biotec, Bergisch Gladbach, Germany), following manufacturer’s recommendations. Viability of the final cell suspension was calculated using a hemocytometer and Trypan blue (Corning) exclusion and was routinely > 85%.","total RNA","10X genomics V1 or V2 protocol following manufacturer recommendations","10x Genomics Library Kits","Single-cell RNA-sequencing","9606","FASTQ were demultiplexed using Cell Ranger v2.0 and aligned to the Grch38 human","Cell barcodes and unique molecular identifiers (UMIs) were extracted and “Raw” UMI matrix generated for each sample","extracted cell-barcodes associated with at least 800 UMIs from the “Raw” output UMI matrices of CellRanger","Epithelial cells, Red blood cells and cell-barcodess associated with high mitochondrial mRNA content were excluded by """"in-silico"""" gating precedure which computes that fractoin of UMIs assocated with each gene signature. Thresholds and genes lists are detailed in the manuscripts.","Genome_build: Grch38","GPL18573","Mamta,,Giri","mamta.giri@mssm.edu","Cho lab","Institute of Personalized medicine","Mount Sinai hospital","1470 madison ave","new york","new york","10029","USA","0","Illumina NextSeq 500","cDNA","transcriptomic","RNA-Seq","BioSample: https://www.ncbi.nlm.nih.gov/biosample/SAMN15960938","SRA: https://www.ncbi.nlm.nih.gov/sra?term=SRX9053452","ftp://ftp.ncbi.nlm.nih.gov/geo/samples/GSM4761nnn/GSM4761142/suppl/GSM4761142_185_barcodes.tsv.gz","ftp://ftp.ncbi.nlm.nih.gov/geo/samples/GSM4761nnn/GSM4761142/suppl/GSM4761142_185_genes.tsv.gz","ftp://ftp.ncbi.nlm.nih.gov/geo/samples/GSM4761nnn/GSM4761142/suppl/GSM4761142_185_matrix.mtx.gz","V2","185",NA,"Blood"
"GSM4761143","191; PBMC","GSM4761143","Public on Sep 02 2020","Sep 01 2020","Sep 02 2020","SRA","1","PBMC","Homo sapiens","patient id: CD14P","tissue: Blood","10x chemistry: V2","Lamina prorpia single cell suspensions were prepared from PBMC from Crohn's disease patients. Fifteen to twenty mucosal biopsies sampled all along the resected specimens using a biopsy forceps (EndoChoice, Alpharetta, GA). Epithelial cells were dissociated by incubating the biopsies in an EDTA-enriched dissociation medium (HBSS w/o Ca2+ Mg2+ (Life Technologies, Carlsbad, CA) - HEPES 10mM (Life Technologies) - EDTA 5mM (Life Technologies)) at +37oC under 100 rpm agitation for two cycles of 15 minutes. After each cycle, biopsies were hand-shaken for 30s and then vortexed vigorously for another 30s. Biopsies were then washed in complete RPMI media previously put at RT, and transferred in digestion medium (HBSS with Ca2+ Mg2+ - FCS 2% - DNase I 0.5mg/ml (Sigma-Aldrich, St. Louis, MO) – Collagenase IV 0.5mg/ml (Sigma-Aldrich)) for 40 minutes at +37oC under 100 rpm agitation. After digestion, the cell suspension was filtered through a 70mm cell strainer, washed in DBPS/ 2% FCS/ 1mM EDTA and spun down at 400g for 10 minutes. After red blood cell lysis (BioLegend, San Diego, CA), cells were washed as before. Dead cells were depleted from the suspension using the dead cell depletion kit (Miltenyi Biotec, Bergisch Gladbach, Germany), following manufacturer’s recommendations. Viability of the final cell suspension was calculated using a hemocytometer and Trypan blue (Corning) exclusion and was routinely > 85%.","total RNA","10X genomics V1 or V2 protocol following manufacturer recommendations","10x Genomics Library Kits","Single-cell RNA-sequencing","9606","FASTQ were demultiplexed using Cell Ranger v2.0 and aligned to the Grch38 human","Cell barcodes and unique molecular identifiers (UMIs) were extracted and “Raw” UMI matrix generated for each sample","extracted cell-barcodes associated with at least 800 UMIs from the “Raw” output UMI matrices of CellRanger","Epithelial cells, Red blood cells and cell-barcodess associated with high mitochondrial mRNA content were excluded by """"in-silico"""" gating precedure which computes that fractoin of UMIs assocated with each gene signature. Thresholds and genes lists are detailed in the manuscripts.","Genome_build: Grch38","GPL18573","Mamta,,Giri","mamta.giri@mssm.edu","Cho lab","Institute of Personalized medicine","Mount Sinai hospital","1470 madison ave","new york","new york","10029","USA","0","Illumina NextSeq 500","cDNA","transcriptomic","RNA-Seq","BioSample: https://www.ncbi.nlm.nih.gov/biosample/SAMN15960937","SRA: https://www.ncbi.nlm.nih.gov/sra?term=SRX9053453","ftp://ftp.ncbi.nlm.nih.gov/geo/samples/GSM4761nnn/GSM4761143/suppl/GSM4761143_191_barcodes.tsv.gz","ftp://ftp.ncbi.nlm.nih.gov/geo/samples/GSM4761nnn/GSM4761143/suppl/GSM4761143_191_genes.tsv.gz","ftp://ftp.ncbi.nlm.nih.gov/geo/samples/GSM4761nnn/GSM4761143/suppl/GSM4761143_191_matrix.mtx.gz","V2","CD14P",NA,"Blood"
"GSM4761144","194; PBMC","GSM4761144","Public on Sep 02 2020","Sep 01 2020","Sep 02 2020","SRA","1","PBMC","Homo sapiens","patient id: CD15P","tissue: Blood","10x chemistry: V2","Lamina prorpia single cell suspensions were prepared from PBMC from Crohn's disease patients. Fifteen to twenty mucosal biopsies sampled all along the resected specimens using a biopsy forceps (EndoChoice, Alpharetta, GA). Epithelial cells were dissociated by incubating the biopsies in an EDTA-enriched dissociation medium (HBSS w/o Ca2+ Mg2+ (Life Technologies, Carlsbad, CA) - HEPES 10mM (Life Technologies) - EDTA 5mM (Life Technologies)) at +37oC under 100 rpm agitation for two cycles of 15 minutes. After each cycle, biopsies were hand-shaken for 30s and then vortexed vigorously for another 30s. Biopsies were then washed in complete RPMI media previously put at RT, and transferred in digestion medium (HBSS with Ca2+ Mg2+ - FCS 2% - DNase I 0.5mg/ml (Sigma-Aldrich, St. Louis, MO) – Collagenase IV 0.5mg/ml (Sigma-Aldrich)) for 40 minutes at +37oC under 100 rpm agitation. After digestion, the cell suspension was filtered through a 70mm cell strainer, washed in DBPS/ 2% FCS/ 1mM EDTA and spun down at 400g for 10 minutes. After red blood cell lysis (BioLegend, San Diego, CA), cells were washed as before. Dead cells were depleted from the suspension using the dead cell depletion kit (Miltenyi Biotec, Bergisch Gladbach, Germany), following manufacturer’s recommendations. Viability of the final cell suspension was calculated using a hemocytometer and Trypan blue (Corning) exclusion and was routinely > 85%.","total RNA","10X genomics V1 or V2 protocol following manufacturer recommendations","10x Genomics Library Kits","Single-cell RNA-sequencing","9606","FASTQ were demultiplexed using Cell Ranger v2.0 and aligned to the Grch38 human","Cell barcodes and unique molecular identifiers (UMIs) were extracted and “Raw” UMI matrix generated for each sample","extracted cell-barcodes associated with at least 800 UMIs from the “Raw” output UMI matrices of CellRanger","Epithelial cells, Red blood cells and cell-barcodess associated with high mitochondrial mRNA content were excluded by """"in-silico"""" gating precedure which computes that fractoin of UMIs assocated with each gene signature. Thresholds and genes lists are detailed in the manuscripts.","Genome_build: Grch38","GPL18573","Mamta,,Giri","mamta.giri@mssm.edu","Cho lab","Institute of Personalized medicine","Mount Sinai hospital","1470 madison ave","new york","new york","10029","USA","0","Illumina NextSeq 500","cDNA","transcriptomic","RNA-Seq","BioSample: https://www.ncbi.nlm.nih.gov/biosample/SAMN15960936","SRA: https://www.ncbi.nlm.nih.gov/sra?term=SRX9053454","ftp://ftp.ncbi.nlm.nih.gov/geo/samples/GSM4761nnn/GSM4761144/suppl/GSM4761144_194_barcodes.tsv.gz","ftp://ftp.ncbi.nlm.nih.gov/geo/samples/GSM4761nnn/GSM4761144/suppl/GSM4761144_194_genes.tsv.gz","ftp://ftp.ncbi.nlm.nih.gov/geo/samples/GSM4761nnn/GSM4761144/suppl/GSM4761144_194_matrix.mtx.gz","V2","CD15P",NA,"Blood"
