id,name,read,pattern,sequence,feature_type
HTO_CD19-cells,HTO_CD19-cells_TotalSeqC,R2,5PNNNNNNNNNN(BC),AGTAAGTTCAGCGTA,Antibody Capture
HTO_IgD-CD27-DN-cells,HTO_IgD-CD27-DN-cells_TotalSeqC,R2,5PNNNNNNNNNN(BC),AAGTATCGTTTCGCA,Antibody Capture
ADT_CD1C,ADT_CD1C_TotalSeqC,R2,5PNNNNNNNNNN(BC),GAGCTACTTCACTCG,Antibody Capture
ADT_CD11C,ADT_CD11C_TotalSeqC,R2,5PNNNNNNNNNN(BC),TACGCCTATAACTTG,Antibody Capture
ADT_CD45RB,ADT_CD45RB_TotalSeqC,R2,5PNNNNNNNNNN(BC),AGATGGGACTCACCA,Antibody Capture
ADT_FCRL4,ADT_FCRL4_TotalSeqC,R2,5PNNNNNNNNNN(BC),CGATTTGATCTGCCT,Antibody Capture
ADT_CD10,ADT_CD10_TotalSeqC,R2,5PNNNNNNNNNN(BC),CAGCCATTCATTAGG ,Antibody Capture
ADT_CD21,ADT_CD21_TotalSeqC,R2,5PNNNNNNNNNN(BC),AACCTAGTAGTTCGG ,Antibody Capture
ADT_CD27,ADT_CD27_TotalSeqC,R2,5PNNNNNNNNNN(BC),GCACTCCTGCATGTA ,Antibody Capture
ADT_IgM,ADT_IgM_TotalSeqC,R2,5PNNNNNNNNNN(BC),TAGCGAGCCCGTATA ,Antibody Capture
ADT_IgD,ADT_IgD_TotalSeqC,R2,5PNNNNNNNNNN(BC),CAGTCTCCGTAGAGT ,Antibody Capture
ADT_CXCR5,ADT_CXCR5_TotalSeqC,R2,5PNNNNNNNNNN(BC),AATTCAACCGTCGCC ,Antibody Capture
